id,date_created,user_id,comment,manager_slug
227,2013-08-21 19:36:50.611271-04,1,"",default
228,2013-08-21 23:48:02.539529-04,1,"",default
229,2013-08-21 23:49:15.854729-04,1,Deleted case container.,default
230,2013-08-21 23:49:15.882006-04,1,Deleted case container.,default
231,2013-08-21 23:49:15.909667-04,1,Deleted case container.,default
232,2013-08-21 23:49:15.930453-04,1,Deleted case container.,default
233,2013-08-21 23:49:15.973575-04,1,Deleted case container.,default
234,2013-08-21 23:49:16.011466-04,1,Deleted case container.,default
235,2013-08-21 23:49:16.031673-04,1,Deleted case container.,default
236,2013-08-21 23:49:16.056248-04,1,Deleted case container.,default
237,2013-08-21 23:49:16.085907-04,1,Deleted case container.,default
238,2013-08-21 23:49:16.110066-04,1,Deleted case container.,default
239,2013-08-21 23:49:16.128571-04,1,Deleted case container.,default
240,2013-08-21 23:49:16.142015-04,1,Deleted case container.,default
241,2013-08-21 23:49:16.17116-04,1,Deleted case container.,default
242,2013-08-21 23:49:16.206902-04,1,Deleted case container.,default
243,2013-08-21 23:49:16.25942-04,1,Deleted case container.,default
244,2013-08-21 23:49:16.289298-04,1,Deleted case container.,default
245,2013-08-21 23:49:16.323021-04,1,Deleted case container.,default
246,2013-08-21 23:49:16.346426-04,1,Deleted case container.,default
247,2013-08-21 23:49:16.380794-04,1,Deleted case container.,default
248,2013-08-21 23:49:16.412632-04,1,Deleted case container.,default
249,2013-08-21 23:49:16.433389-04,1,Deleted case container.,default
250,2013-08-21 23:49:16.456327-04,1,Deleted case container.,default
251,2013-08-21 23:49:16.485847-04,1,Deleted case container.,default
252,2013-08-21 23:49:16.512163-04,1,Deleted case container.,default
253,2013-08-21 23:49:16.53633-04,1,Deleted case container.,default
254,2013-08-21 23:49:16.596998-04,1,Deleted case container.,default
255,2013-08-21 23:49:16.657607-04,1,Deleted case container.,default
256,2013-08-21 23:49:16.697874-04,1,Deleted case container.,default
257,2013-08-21 23:49:16.711054-04,1,Deleted case container.,default
258,2013-08-21 23:49:16.743523-04,1,Deleted case container.,default
259,2013-08-21 23:49:16.774087-04,1,Deleted case container.,default
260,2013-08-21 23:49:16.805763-04,1,Deleted case container.,default
261,2013-08-21 23:49:16.844075-04,1,Deleted case container.,default
262,2013-08-21 23:49:16.870019-04,1,Deleted case container.,default
263,2013-08-21 23:49:16.910948-04,1,Deleted case container.,default
264,2013-08-21 23:49:16.959825-04,1,Deleted case container.,default
265,2013-08-21 23:49:16.998514-04,1,Deleted case container.,default
266,2013-08-21 23:49:17.019797-04,1,Deleted case container.,default
267,2013-08-21 23:49:17.046734-04,1,Deleted case container.,default
268,2013-08-21 23:49:17.069812-04,1,Deleted case container.,default
269,2013-08-21 23:49:17.089153-04,1,Deleted case container.,default
270,2013-08-21 23:49:17.122889-04,1,Deleted case container.,default
271,2013-08-21 23:49:17.154983-04,1,Deleted case container.,default
272,2013-08-21 23:49:17.188504-04,1,Deleted case container.,default
273,2013-08-21 23:49:17.214602-04,1,Deleted case container.,default
274,2013-08-21 23:49:17.243019-04,1,Deleted case container.,default
275,2013-08-21 23:49:17.260681-04,1,Deleted case container.,default
276,2013-08-21 23:49:17.295286-04,1,Deleted case container.,default
277,2013-08-21 23:49:17.331882-04,1,Deleted case container.,default
278,2013-08-21 23:49:17.351648-04,1,Deleted case container.,default
279,2013-08-21 23:49:17.386488-04,1,Deleted case container.,default
280,2013-08-21 23:49:17.419882-04,1,Deleted case container.,default
281,2013-08-21 23:49:17.462679-04,1,Deleted case container.,default
282,2013-08-21 23:49:17.492194-04,1,Deleted case container.,default
283,2013-08-21 23:49:17.52137-04,1,Deleted case container.,default
284,2013-08-21 23:49:17.534812-04,1,Deleted case container.,default
285,2013-08-21 23:49:17.547421-04,1,Deleted case container.,default
286,2013-08-21 23:49:17.563014-04,1,Deleted case container.,default
287,2013-08-21 23:49:17.582173-04,1,Deleted case container.,default
288,2013-08-21 23:49:17.601986-04,1,Deleted case container.,default
289,2013-08-23 14:56:19.944324-04,1,"",default
290,2013-09-13 18:09:25.153896-04,1,"",default
291,2013-09-17 16:22:23.279856-04,1,"",default
292,2013-09-17 16:23:27.116085-04,1,"",default
293,2013-09-17 16:24:48.603074-04,1,"",default
294,2013-09-17 16:26:33.198098-04,1,"",default
295,2013-09-17 16:33:14.616391-04,1,"",default
296,2013-09-17 16:34:41.706974-04,1,"",default
297,2013-09-17 16:36:07.21758-04,1,"",default
298,2013-09-17 16:36:39.610778-04,1,"",default
299,2013-09-20 12:36:39.755082-04,1,"",default
300,2013-09-20 12:37:16.81295-04,1,"",default
301,2013-09-25 09:29:48.956287-04,1,Deleted contact.,default
302,2013-09-25 09:29:48.976739-04,1,Deleted contact.,default
303,2013-09-25 09:29:48.981956-04,1,Deleted contact.,default
304,2013-09-25 09:29:48.987857-04,1,Deleted contact.,default
305,2013-09-25 09:29:49.0048-04,1,Deleted contact.,default
306,2013-09-25 09:29:49.013015-04,1,Deleted contact.,default
307,2013-09-25 09:29:49.040251-04,1,Deleted contact.,default
308,2013-09-25 09:29:49.062949-04,1,Deleted contact.,default
309,2013-09-25 09:29:49.067839-04,1,Deleted contact.,default
310,2013-09-25 09:29:49.075458-04,1,Deleted contact.,default
311,2013-09-25 09:29:49.082915-04,1,Deleted contact.,default
312,2013-09-25 09:29:49.100567-04,1,Deleted contact.,default
313,2013-09-25 09:29:49.108012-04,1,Deleted contact.,default
314,2013-09-25 09:29:49.119485-04,1,Deleted contact.,default
315,2013-09-25 09:29:49.128056-04,1,Deleted contact.,default
316,2013-09-25 09:29:49.132478-04,1,Deleted contact.,default
317,2013-09-25 09:29:49.156189-04,1,Deleted contact.,default
318,2013-09-25 09:29:49.163695-04,1,Deleted contact.,default
319,2013-09-25 09:29:49.169599-04,1,Deleted contact.,default
320,2013-09-25 09:29:49.176511-04,1,Deleted contact.,default
321,2013-09-25 09:29:49.206659-04,1,Deleted contact.,default
322,2013-09-25 09:29:49.228179-04,1,Deleted contact.,default
323,2013-09-25 09:29:49.233829-04,1,Deleted contact.,default
324,2013-09-25 09:29:49.258971-04,1,Deleted contact.,default
325,2013-09-25 09:29:49.268707-04,1,Deleted contact.,default
326,2013-09-25 09:29:49.28032-04,1,Deleted contact.,default
327,2013-09-25 09:29:49.29954-04,1,Deleted contact.,default
328,2013-09-25 09:29:49.403437-04,1,Deleted contact.,default
329,2013-09-25 09:29:49.481511-04,1,Deleted contact.,default
330,2013-09-25 09:29:49.490011-04,1,Deleted contact.,default
331,2013-09-25 09:29:49.512045-04,1,Deleted contact.,default
332,2013-09-25 09:29:49.543931-04,1,Deleted contact.,default
333,2013-09-25 09:29:49.561776-04,1,Deleted contact.,default
334,2013-09-25 09:29:49.598951-04,1,Deleted contact.,default
335,2013-09-25 09:29:49.627274-04,1,Deleted contact.,default
336,2013-09-25 09:29:49.65281-04,1,Deleted contact.,default
337,2013-09-25 09:29:49.685698-04,1,Deleted contact.,default
338,2013-09-25 09:29:49.721175-04,1,Deleted contact.,default
339,2013-09-25 09:29:49.738906-04,1,Deleted contact.,default
340,2013-09-25 09:29:49.754473-04,1,Deleted contact.,default
341,2013-09-25 09:29:49.784843-04,1,Deleted contact.,default
342,2013-09-25 09:29:49.79495-04,1,Deleted contact.,default
343,2013-09-25 09:29:49.834723-04,1,Deleted contact.,default
344,2013-09-25 09:29:49.870058-04,1,Deleted contact.,default
345,2013-09-25 09:29:49.91896-04,1,Deleted contact.,default
346,2013-09-25 09:29:49.941261-04,1,Deleted contact.,default
347,2013-09-25 09:29:49.948697-04,1,Deleted contact.,default
348,2013-09-25 09:29:49.962114-04,1,Deleted contact.,default
349,2013-09-25 09:29:50.020569-04,1,Deleted contact.,default
350,2013-09-25 09:29:50.090001-04,1,Deleted contact.,default
351,2013-09-25 09:29:50.10811-04,1,Deleted contact.,default
352,2013-09-25 09:29:50.163241-04,1,Deleted contact.,default
353,2013-09-25 09:29:50.180756-04,1,Deleted contact.,default
354,2013-09-25 09:29:50.197346-04,1,Deleted contact.,default
355,2013-09-25 09:29:50.208681-04,1,Deleted contact.,default
356,2013-09-25 09:29:50.227873-04,1,Deleted contact.,default
357,2013-09-25 09:29:50.253794-04,1,Deleted contact.,default
358,2013-09-25 09:29:50.286813-04,1,Deleted contact.,default
359,2013-09-25 09:29:50.304241-04,1,Deleted contact.,default
360,2013-09-25 09:29:50.34642-04,1,Deleted contact.,default
361,2013-09-25 09:29:50.359904-04,1,Deleted contact.,default
362,2013-09-25 09:29:50.380326-04,1,Deleted contact.,default
363,2013-09-25 09:29:50.385215-04,1,Deleted contact.,default
364,2013-09-25 09:29:50.398725-04,1,Deleted contact.,default
365,2013-09-25 09:29:50.406794-04,1,Deleted contact.,default
366,2013-09-25 09:29:50.414803-04,1,Deleted contact.,default
367,2013-09-25 09:29:50.430462-04,1,Deleted contact.,default
368,2013-09-25 09:29:50.439727-04,1,Deleted contact.,default
369,2013-09-25 09:29:50.455904-04,1,Deleted contact.,default
370,2013-09-25 09:29:50.474918-04,1,Deleted contact.,default
371,2013-09-25 09:29:50.495665-04,1,Deleted contact.,default
372,2013-09-25 09:29:50.505552-04,1,Deleted contact.,default
373,2013-09-25 09:29:50.529716-04,1,Deleted contact.,default
374,2013-09-25 09:29:50.593212-04,1,Deleted contact.,default
375,2013-09-25 09:29:50.609772-04,1,Deleted contact.,default
376,2013-09-25 09:29:50.641246-04,1,Deleted contact.,default
377,2013-09-25 09:29:50.665283-04,1,Deleted contact.,default
378,2013-09-25 09:29:50.695622-04,1,Deleted contact.,default
379,2013-09-25 09:29:50.779289-04,1,Deleted contact.,default
380,2013-09-25 09:29:50.801842-04,1,Deleted contact.,default
381,2013-09-25 09:29:50.824796-04,1,Deleted contact.,default
382,2013-09-25 09:29:50.831171-04,1,Deleted contact.,default
383,2013-09-25 09:29:50.836259-04,1,Deleted contact.,default
384,2013-09-25 09:29:50.840478-04,1,Deleted contact.,default
385,2013-09-25 09:29:50.859555-04,1,Deleted contact.,default
386,2013-09-25 09:29:50.873977-04,1,Deleted contact.,default
387,2013-09-25 09:29:50.885953-04,1,Deleted contact.,default
388,2013-09-25 09:29:50.898999-04,1,Deleted contact.,default
389,2013-09-25 09:29:50.915924-04,1,Deleted contact.,default
390,2013-09-25 09:29:50.940964-04,1,Deleted contact.,default
391,2013-09-25 09:29:50.954523-04,1,Deleted contact.,default
392,2013-09-25 09:29:50.974258-04,1,Deleted contact.,default
393,2013-09-25 09:29:50.990208-04,1,Deleted contact.,default
394,2013-09-25 09:29:51.022534-04,1,Deleted contact.,default
395,2013-09-25 09:29:51.044999-04,1,Deleted contact.,default
396,2013-09-25 09:29:51.07373-04,1,Deleted contact.,default
397,2013-09-25 09:29:51.084726-04,1,Deleted contact.,default
398,2013-09-25 09:29:51.10227-04,1,Deleted contact.,default
399,2013-09-25 09:29:51.130812-04,1,Deleted contact.,default
400,2013-09-25 09:29:51.137116-04,1,Deleted contact.,default
401,2013-09-25 09:30:06.304494-04,1,Deleted contact.,default
402,2013-09-25 09:30:06.354091-04,1,Deleted contact.,default
403,2013-09-25 09:30:06.387142-04,1,Deleted contact.,default
404,2013-09-25 09:30:06.428347-04,1,Deleted contact.,default
405,2013-09-25 09:30:06.48068-04,1,Deleted contact.,default
406,2013-09-25 09:30:06.503127-04,1,Deleted contact.,default
407,2013-09-25 09:30:06.538052-04,1,Deleted contact.,default
408,2013-09-25 09:30:06.59843-04,1,Deleted contact.,default
409,2013-09-25 09:30:06.640039-04,1,Deleted contact.,default
410,2013-09-25 09:30:06.686741-04,1,Deleted contact.,default
411,2013-09-25 09:30:06.740187-04,1,Deleted contact.,default
412,2013-09-25 09:30:06.806415-04,1,Deleted contact.,default
413,2013-09-25 09:30:06.858937-04,1,Deleted contact.,default
414,2013-09-25 09:30:06.881249-04,1,Deleted contact.,default
415,2013-09-25 09:30:06.916087-04,1,Deleted contact.,default
416,2013-09-25 09:30:06.949151-04,1,Deleted contact.,default
417,2013-09-25 09:30:06.976652-04,1,Deleted contact.,default
418,2013-09-25 09:30:06.988882-04,1,Deleted contact.,default
419,2013-09-25 09:30:07.005431-04,1,Deleted contact.,default
420,2013-09-25 09:30:07.07542-04,1,Deleted contact.,default
421,2013-09-25 09:30:07.140916-04,1,Deleted contact.,default
422,2013-09-25 09:30:07.203567-04,1,Deleted contact.,default
423,2013-09-25 09:30:07.226584-04,1,Deleted contact.,default
424,2013-09-25 09:30:07.332192-04,1,Deleted contact.,default
425,2013-09-25 09:30:07.405829-04,1,Deleted contact.,default
426,2013-09-25 09:30:07.49695-04,1,Deleted contact.,default
427,2013-09-25 09:30:07.57441-04,1,Deleted contact.,default
428,2013-09-25 09:30:07.639218-04,1,Deleted contact.,default
429,2013-09-25 09:30:07.690546-04,1,Deleted contact.,default
430,2013-09-25 09:30:07.731376-04,1,Deleted contact.,default
431,2013-09-25 09:30:07.779206-04,1,Deleted contact.,default
432,2013-09-25 09:30:07.844119-04,1,Deleted contact.,default
433,2013-09-25 09:30:07.903743-04,1,Deleted contact.,default
434,2013-09-25 09:30:07.97246-04,1,Deleted contact.,default
435,2013-09-25 09:30:08.036105-04,1,Deleted contact.,default
436,2013-09-25 09:30:08.087039-04,1,Deleted contact.,default
437,2013-09-25 09:30:08.163054-04,1,Deleted contact.,default
438,2013-09-25 09:30:08.228055-04,1,Deleted contact.,default
439,2013-09-25 09:30:08.26176-04,1,Deleted contact.,default
440,2013-09-25 09:30:08.336014-04,1,Deleted contact.,default
441,2013-09-25 09:30:08.381419-04,1,Deleted contact.,default
442,2013-09-25 09:30:08.446845-04,1,Deleted contact.,default
443,2013-09-25 09:30:08.466434-04,1,Deleted contact.,default
444,2013-09-25 09:30:08.493394-04,1,Deleted contact.,default
445,2013-09-25 09:30:08.526868-04,1,Deleted contact.,default
446,2013-09-25 09:30:08.587349-04,1,Deleted contact.,default
447,2013-09-25 09:30:08.606457-04,1,Deleted contact.,default
448,2013-09-25 09:30:08.623578-04,1,Deleted contact.,default
449,2013-09-25 09:30:08.64452-04,1,Deleted contact.,default
450,2013-09-25 09:30:08.666785-04,1,Deleted contact.,default
451,2013-09-25 09:30:08.688884-04,1,Deleted contact.,default
452,2013-09-25 09:30:08.744212-04,1,Deleted contact.,default
453,2013-09-25 09:30:08.76507-04,1,Deleted contact.,default
454,2013-09-25 09:30:08.793077-04,1,Deleted contact.,default
455,2013-09-25 09:30:08.933673-04,1,Deleted contact.,default
456,2013-09-25 09:30:08.990542-04,1,Deleted contact.,default
457,2013-09-25 09:30:09.019441-04,1,Deleted contact.,default
458,2013-09-25 09:30:09.065134-04,1,Deleted contact.,default
459,2013-09-25 09:30:09.112-04,1,Deleted contact.,default
460,2013-09-25 09:30:09.175545-04,1,Deleted contact.,default
461,2013-09-25 09:30:09.229354-04,1,Deleted contact.,default
462,2013-09-25 09:30:09.269351-04,1,Deleted contact.,default
463,2013-09-25 09:30:09.286677-04,1,Deleted contact.,default
464,2013-09-25 09:30:09.333949-04,1,Deleted contact.,default
465,2013-09-25 09:30:09.419385-04,1,Deleted contact.,default
466,2013-09-25 09:30:09.461172-04,1,Deleted contact.,default
467,2013-09-25 09:30:09.472019-04,1,Deleted contact.,default
468,2013-09-25 09:30:09.486322-04,1,Deleted contact.,default
469,2013-09-25 09:30:09.496978-04,1,Deleted contact.,default
470,2013-09-25 09:30:09.512-04,1,Deleted contact.,default
471,2013-09-25 09:30:09.522649-04,1,Deleted contact.,default
472,2013-09-25 09:30:09.531788-04,1,Deleted contact.,default
473,2013-09-25 09:30:09.555964-04,1,Deleted contact.,default
474,2013-09-25 09:30:09.567734-04,1,Deleted contact.,default
475,2013-09-25 09:30:09.577525-04,1,Deleted contact.,default
476,2013-09-25 09:30:09.587624-04,1,Deleted contact.,default
477,2013-09-25 09:30:09.597747-04,1,Deleted contact.,default
478,2013-09-25 09:30:09.627282-04,1,Deleted contact.,default
479,2013-09-25 09:30:09.708411-04,1,Deleted contact.,default
480,2013-09-25 09:30:09.724162-04,1,Deleted contact.,default
481,2013-09-25 09:30:09.739918-04,1,Deleted contact.,default
482,2013-09-25 09:30:09.749858-04,1,Deleted contact.,default
483,2013-09-25 09:30:09.76481-04,1,Deleted contact.,default
484,2013-09-25 09:30:09.781365-04,1,Deleted contact.,default
485,2013-09-25 09:30:09.820626-04,1,Deleted contact.,default
486,2013-09-25 09:30:09.881822-04,1,Deleted contact.,default
487,2013-09-25 09:30:09.911234-04,1,Deleted contact.,default
488,2013-09-25 09:30:09.933706-04,1,Deleted contact.,default
489,2013-09-25 09:30:09.949536-04,1,Deleted contact.,default
490,2013-09-25 09:30:09.963487-04,1,Deleted contact.,default
491,2013-09-25 09:30:09.993594-04,1,Deleted contact.,default
492,2013-09-25 09:30:10.023968-04,1,Deleted contact.,default
493,2013-09-25 09:30:10.054251-04,1,Deleted contact.,default
494,2013-09-25 09:30:10.093479-04,1,Deleted contact.,default
495,2013-09-25 09:30:10.117167-04,1,Deleted contact.,default
496,2013-09-25 09:30:10.156866-04,1,Deleted contact.,default
497,2013-09-25 09:30:10.166415-04,1,Deleted contact.,default
498,2013-09-25 09:30:10.174654-04,1,Deleted contact.,default
499,2013-09-25 09:30:10.199949-04,1,Deleted contact.,default
500,2013-09-25 09:30:10.209893-04,1,Deleted contact.,default
501,2013-09-25 09:59:54.489138-04,1,"",default
502,2013-09-25 10:00:32.131727-04,1,"",default
503,2013-09-25 10:00:32.74102-04,1,"",default
504,2013-09-25 10:00:34.256161-04,1,"",default
505,2013-10-01 14:36:11.415933-04,1,"",default
506,2013-10-01 14:36:45.97866-04,1,"",default
