id,name,app_label,model
1,permission,auth,permission
2,group,auth,group
3,content type,contenttypes,contenttype
4,session,sessions,session
5,site,sites,site
6,log entry,admin,logentry
7,migration history,south,migrationhistory
8,user,profiles,caspuser
9,revision,reversion,revision
10,version,reversion,version
11,contact,contacts,contact
12,contact type,contacts,contacttype
13,case container,cases,casecontainer
14,case type,cases,casetype
15,case,cases,case
16,case category,cases,casecategory
17,case event,cases,caseevent
18,case event type,cases,caseeventtype
19,case sequence,cases,casesequence
20,room,meetings,room
21,meeting,meetings,meeting
22,meeting attendee,meetings,meetingattendee
23,document,documents,document
24,document type,documents,documenttype
25,incoming event,events,incomingevent
26,outgoing event,events,outgoingevent
27,event type,events,eventtype
28,bug,bugs,bug
29,note,notes,note
30,imported event,events,importedevent
