id,password,last_login,is_superuser,username,first_name,last_name,email,is_staff,is_active,date_joined,phone
61,"",2013-08-22 00:40:09.934467-04,f,andres,Andrés,Feliciano Morales,user@example.com,f,t,2013-08-22 00:40:09.93454-04,""
62,"",2013-08-22 00:40:10.009662-04,f,edgar,Edgar,Vázquez Cruz,user@example.com,f,t,2013-08-22 00:40:10.009719-04,""
63,"",2013-08-22 00:40:10.080707-04,f,null,NULL,"",user@example.com,f,t,2013-08-22 00:40:10.080767-04,""
64,"",2013-08-22 00:40:10.156133-04,f,beatrice,Beatrice,Ríos Ramírez,user@example.com,f,t,2013-08-22 00:40:10.156245-04,""
65,"",2013-08-22 00:40:10.264728-04,f,janeth,Janeth,De Jesús Arévalo,user@example.com,f,t,2013-08-22 00:40:10.264925-04,""
66,"",2013-08-22 00:40:10.365025-04,f,g.,G.,Díaz,user@example.com,f,t,2013-08-22 00:40:10.365083-04,""
67,"",2013-08-22 00:40:10.425495-04,f,f.,F.,Fuentes,user@example.com,f,t,2013-08-22 00:40:10.425571-04,""
68,"",2013-08-22 00:40:10.538766-04,f,lic.,Lic.,Mattei,user@example.com,f,t,2013-08-22 00:40:10.538878-04,""
69,"",2013-08-22 00:40:10.693401-04,f,maria,María,del C. Torres Suárez,user@example.com,f,t,2013-08-22 00:40:10.693536-04,""
70,"",2013-08-22 00:40:10.897422-04,f,a.,A.,Pérez,user@example.com,f,t,2013-08-22 00:40:10.897495-04,""
71,"",2013-08-22 00:40:11.275261-04,f,santos,Santos,Colón Quiñones,user@example.com,f,t,2013-08-22 00:40:11.27532-04,""
72,"",2013-08-22 00:40:11.428864-04,f,ihomara,Ihomara,A. Quiñones Reyes,user@example.com,f,t,2013-08-22 00:40:11.428958-04,""
73,"",2013-08-22 00:40:11.498253-04,f,carlos,Carlos,M. Román Espada,user@example.com,f,t,2013-08-22 00:40:11.498324-04,""
74,"",2013-08-22 00:40:11.602299-04,f,ana,Ana,I. Perez,user@example.com,f,t,2013-08-22 00:40:11.602399-04,""
75,"",2013-08-22 00:40:11.749071-04,f,noel,Noel,A. Hernández López,user@example.com,f,t,2013-08-22 00:40:11.749141-04,""
76,"",2013-08-22 00:40:13.081073-04,f,j.,J.,Rivera,user@example.com,f,t,2013-08-22 00:40:13.081143-04,""
77,"",2013-08-22 00:40:14.739938-04,f,lic,Lic,Hernández,user@example.com,f,t,2013-08-22 00:40:14.740014-04,""
78,"",2013-08-22 00:40:15.378313-04,f,l.,L.,Zayas,user@example.com,f,t,2013-08-22 00:40:15.378404-04,""
79,"",2013-08-22 00:40:20.595911-04,f,binda,Binda,Y. Santiago Cortés,user@example.com,f,t,2013-08-22 00:40:20.595974-04,""
80,"",2013-08-22 00:40:29.223238-04,f,w.,W.,Diaz,user@example.com,f,t,2013-08-22 00:40:29.223286-04,""
81,"",2013-08-22 00:43:51.332353-04,f,m.,M.,Franceschiny,user@example.com,f,t,2013-08-22 00:43:51.332401-04,""
1,pbkdf2_sha256$10000$jOJWwnayTStJ$29Ly77AzfonCygtNwdNPuQPoyebGntnYb+yczwCpxno=,2013-02-20 11:47:47.614-04,t,admin,Adminstador,del Sistema,a@example.com,t,t,2013-02-01 16:38:32-04,""
