id,app_name,migration,applied
1,profiles,0001_initial,2013-03-12 18:45:59.051186-04
2,reversion,0001_initial,2013-03-12 18:46:23.533991-04
3,reversion,0002_auto__add_field_version_type,2013-03-12 18:46:23.669189-04
4,reversion,0003_auto__add_field_version_object_id_int,2013-03-12 18:46:23.705477-04
5,reversion,0004_populate_object_id_int,2013-03-12 18:46:23.731273-04
6,reversion,0005_auto__add_field_revision_manager_slug,2013-03-12 18:46:23.87302-04
7,contacts,0001_initial,2013-03-12 18:46:24.047897-04
8,cases,0001_initial,2013-03-12 18:46:24.667368-04
9,meetings,0001_initial,2013-03-12 18:46:25.436693-04
11,documents,0001_initial,2013-03-19 18:52:52.558337-04
15,cases,0002_auto__add_field_case_extra,2013-04-04 19:50:03.963888-04
16,events,0001_initial,2013-04-04 19:50:04.80519-04
19,cases,0003_auto__add_field_case_did_confirm_case_type,2013-04-11 18:48:19.953799-04
20,cases,0004_auto__add_field_case_record_holder,2013-04-12 17:42:08.061074-04
21,events,0002_auto,2013-04-17 19:05:49.571233-04
22,meetings,0002_auto__add_field_meeting_meeting_type,2013-04-19 17:13:59.882914-04
23,events,0003_auto__add_field_incomingevent_observed_notes,2013-04-24 00:18:17.901581-04
24,events,0004_auto__add_field_incomingevent_related_event__add_field_outgoingevent_r,2013-04-24 00:18:18.07048-04
25,bugs,0001_initial,2013-04-24 16:34:12.663948-04
26,events,0005_auto__del_field_incomingevent_case__del_field_outgoingevent_case,2013-05-09 18:33:09.86531-04
27,events,0006_auto__del_field_incomingevent_group_uuid__del_field_outgoingevent_grou,2013-06-24 16:53:17.350597-04
28,events,0007_auto__chg_field_incomingevent_terms_in_days__chg_field_outgoingevent_t,2013-06-24 16:53:17.544634-04
29,notes,0001_initial,2013-06-24 16:53:19.715675-04
30,contacts,0002_auto__add_field_contact_related_instutution,2013-06-27 18:58:48.084242-04
31,meetings,0003_auto__add_field_meeting_somebody_armed,2013-07-03 09:54:22.526819-04
32,events,0008_auto__add_importedevent,2013-08-06 17:32:04.123172-04
33,events,0009_auto__add_field_importedevent_real_event_type,2013-08-06 17:32:04.194166-04
34,django_extensions,0001_empty,2013-09-25 09:29:47.101635-04
35,events,0010_auto__add_field_incomingevent_date_terms_expiration__del_field_importe,2013-09-25 09:31:36.519995-04
36,events,0011_generate_expiration_dates,2013-09-25 09:31:36.576018-04
37,events,0012_auto__del_field_incomingevent_terms_in_days__del_field_incomingevent_t,2013-09-25 09:31:36.638806-04
38,meetings,0004_auto,2013-09-26 16:39:36.754103-04
39,meetings,0005_move_cases,2013-09-26 16:39:36.847526-04
40,meetings,0006_auto__chg_field_meeting_case,2013-09-26 16:39:37.042695-04
