id,name,description,direction
1,Solicitud,"",out
2,Enmienda,"",out
3,Contestación,5 días despues de que la parte querellada recibe copia de solicitud. Expresar posición sobre alegaciones de la parte querellante.,out
28,Laudo,"",out
4,Moción de Cambio de fecha de vista,"Luego de notificar el caso y antes de la vista. Suspende o cambia la fecha de la vista. Tambien se le puede llamar: Suspensión, transferencia, paralización.",in
5,Moción para Cambio de representación,Cambio en la representación,in
6,Moción de Cumplimiento de orden,Luego de la orden del Interventor/CASP,in
7,Moción Informativa,Informa a la CASP de algo,in
8,Moción de Desestimiento,Termina el caso,in
9,Moción de Prorroga,Solicita extención de un término reglamentario o dispositivo.,in
10,Moción de Estipulación,Finaliza controversia o parte de ella.,in
11,Moción de Reconsideración,Solicita que se reconsidere la decisión de la CASP en un caso cerrado con perjuicio que no sea por Laudo.,in
12,Moción de Enmienda de Laudo,Solita que se corrija error de redacción en Laudo o que se reconsidere la determinación del Interventor Neutral.,in
13,Moción de Solicitud de documentos,Solicita que se produzcan documentos en la vista.,in
14,Moción de Citación,Solicita que se citen testigos en la vista.,in
15,Moción de Oposición,Oponerse a una Moción.,in
16,Moción Sumaria,Que no se celebre la vista y que se resuelva con los documentos sometidos hasta el momento.,in
17,Moción de Solicitud de documentos de la CASP,Que la CASP provea documentos o grabacioness que tiene en su poder.,in
18,Moción de Solicitud de Vista,Se señale fecha para una vista.,in
19,Moción de Consolidación,"",in
20,Moción de Desconsolidación,"",in
21,Moción de Recusación,"",in
22,Moción de Inhibicion,"",in
23,Moción de Solicitud de Mediación,"",in
24,Moción de Solicitud de Conferencia con Antelación a la vista,"",in
25,Moción de Solicitud de Descubrimiento de Prueba,"",in
26,Evidencia Documental,"",in
27,Transición de status,"",in
61,Otros,Otro tipo de documentos,in
29,Notificación de solicitud de arbitraje,"Notificar la radicación de la Solicitud de Arbitraje, la fecha de la vista y el interventor designado",out
30,Notificacion de enmienda,"",out
31,Carta de status,Notificar el status del caso a la parte que interesa ,out
32,Carta denegando Solicitud de Reapertura,Luego de resuelto el caso y que se ha solicitado reapertura,out
33,Notificacion de Vista,Informarle a las partes de la nueva fecha y hora de la vista.,out
34,Notificacion de Sesion de Mediacion,Informarle a las partes la fecha y hora de la sesion.,out
35,Mostrar Causa,La parte presente razones por su incomparecencia a la vista,out
36,Aceptacion de Representacion Legal,Aceptar el nuevo representante legal.,out
37,Aceptacion Renuncia de Representacion Legal,Aceptar la renuncia del representante legal.,out
38,Cierre Administrativo,Cuando se ha dado un termino a la parte querellante para que muestre causa y no cumple.,out
39,Cierre por Desistimiento,Cerrar con o sin perjuicio el caso,out
40,Cierre por Acuerdo,Cerrar con perjuicio el caso,out
41,Consolidacion,Agrupar dos o mas casos para fines de vista y por economia procesal,out
42,Desconsolidacion,Separar dos o mas casos anteriormente consolidados,out
43,Reasignacion de Casos,Asignar a otro interventor el caso para continuar con procedimientos o emitir laudo,out
44,Orden de Reabrir Caso,Activar (reabrir) un caso cerrado por orden del Tribunal o por determinacion de Directora ,out
45,Termino para Alegatos,Informar el termino que tienen las partes para presentar alegatos,out
46,Extension de terminos,Informar el termino adicional que tienen las partes para presentar alegatos,out
47,Nunc Pro Tunc,Luego de que se emite el laudo aunque no sea advertido el error por una de las partes.,out
48,Interlocutoria,Resolver algun planteamiento en derecho presentado por una parte por lo general sobre jurisdiccion o descubrimiento de prueba. Si es de jurisdiccion se informa que se posee jurisdiccion.,out
49,Designacion de un Conciliador,Informar a las partes el conciliador que se designo para tratar de resolver el estancamiento en negociacion de convenio.,out
50,Notificacion de Panel de Arbitros,"",out
51,Notificacion de arbitro escogido  ,Notificar la terna de arbitros para que cada parte elimine uno.,out
52,Minuta,"Detallar todo lo discutido o ocurrido en una reunion, conferencia o vista",out
53,Informe del Mediador,Informar resultado de mediacion  y referir el caso para la continuacion de los procedimientos.,out
54,Informe del Conciliador,Informar resultado de conciliacion  y referir el caso a arbitraje obligatorio.,out
55,Certificacion de Comparecencia,"Certificar fecha, hora y para que caso comparecio una persona.",out
56,Laudo Parcial,Resolver planteamientos sobre descubrimiento de prueba y o informar determinacion de que se posee jurisdiccion.,out
57,Laudo de Arbitraje,Adjudicar finalmente la controversia presentada.,out
59,Informe Final,Detallar informacion general del caso,out
58,Laudo de Arbitraje Obligatorio,Disponer como finalmente leera las clausulas del convenio que eran parte del estancamiento.,out
60,Actualización,Se actualizó la información del caso,out
