id,name,description
1,Solicitud,""
2,Enmienda,""
3,Contestación,5 días despues de que la parte querellada recibe copia de solicitud. Expresar posición sobre alegaciones de la parte querellante.
4,Moción de Cambio de fecha de vista,"Luego de notificar el caso y antes de la vista. Suspende o cambia la fecha de la vista. Tambien se le puede llamar: Suspensión, transferencia, paralización."
5,Moción para Cambio de representación,Cambio en la representación
6,Moción de Cumplimiento de orden,Luego de la orden del Interventor/CASP
7,Moción Informativa,Informa a la CASP de algo
8,Moción de Desestimiento,Termina el caso
9,Moción de Prorroga,Solicita extención de un término reglamentario o dispositivo.
10,Moción de Estipulación,Finaliza controversia o parte de ella.
11,Moción de Reconsideración,Solicita que se reconsidere la decisión de la CASP en un caso cerrado con perjuicio que no sea por Laudo.
12,Moción de Enmienda de Laudo,Solita que se corrija error de redacción en Laudo o que se reconsidere la determinación del Interventor Neutral.
13,Moción de Solicitud de documentos,Solicita que se produzcan documentos en la vista.
14,Moción de Citación,Solicita que se citen testigos en la vista.
15,Moción de Oposición,Oponerse a una Moción.
16,Moción Sumaria,Que no se celebre la vista y que se resuelva con los documentos sometidos hasta el momento.
17,Moción de Solicitud de documentos de la CASP,Que la CASP provea documentos o grabacioness que tiene en su poder.
18,Moción de Solicitud de Vista,Se señale fecha para una vista.
19,Moción de Consolidación,""
20,Moción de Desconsolidación,""
21,Moción de Recusación,""
22,Moción de Inhibicion,""
23,Moción de Solicitud de Mediación,""
24,Moción de Solicitud de Conferencia con Antelación a la vista,""
25,Moción de Solicitud de Descubrimiento de Prueba,""
26,Evidencia Documental,""
27,Transición de status,""
