id,name,content_type_id,codename
1,Can add permission,1,add_permission
2,Can change permission,1,change_permission
3,Can delete permission,1,delete_permission
4,Can add group,2,add_group
5,Can change group,2,change_group
6,Can delete group,2,delete_group
7,Can add content type,3,add_contenttype
8,Can change content type,3,change_contenttype
9,Can delete content type,3,delete_contenttype
10,Can add session,4,add_session
11,Can change session,4,change_session
12,Can delete session,4,delete_session
13,Can add site,5,add_site
14,Can change site,5,change_site
15,Can delete site,5,delete_site
16,Can add log entry,6,add_logentry
17,Can change log entry,6,change_logentry
18,Can delete log entry,6,delete_logentry
19,Can add migration history,7,add_migrationhistory
20,Can change migration history,7,change_migrationhistory
21,Can delete migration history,7,delete_migrationhistory
22,Can add user,8,add_caspuser
23,Can change user,8,change_caspuser
24,Can delete user,8,delete_caspuser
25,Can add revision,9,add_revision
26,Can change revision,9,change_revision
27,Can delete revision,9,delete_revision
28,Can add version,10,add_version
29,Can change version,10,change_version
30,Can delete version,10,delete_version
31,Can add contact,11,add_contact
32,Can change contact,11,change_contact
33,Can delete contact,11,delete_contact
34,Can add contact type,12,add_contacttype
35,Can change contact type,12,change_contacttype
36,Can delete contact type,12,delete_contacttype
37,Can add case container,13,add_casecontainer
38,Can change case container,13,change_casecontainer
39,Can delete case container,13,delete_casecontainer
40,Can add case type,14,add_casetype
41,Can change case type,14,change_casetype
42,Can delete case type,14,delete_casetype
43,Can add case,15,add_case
44,Can change case,15,change_case
45,Can delete case,15,delete_case
46,Can add case category,16,add_casecategory
47,Can change case category,16,change_casecategory
48,Can delete case category,16,delete_casecategory
49,Can add case event,17,add_caseevent
50,Can change case event,17,change_caseevent
51,Can delete case event,17,delete_caseevent
52,Can add case event type,18,add_caseeventtype
53,Can change case event type,18,change_caseeventtype
54,Can delete case event type,18,delete_caseeventtype
55,Can add case sequence,19,add_casesequence
56,Can change case sequence,19,change_casesequence
57,Can delete case sequence,19,delete_casesequence
58,Can add room,20,add_room
59,Can change room,20,change_room
60,Can delete room,20,delete_room
61,Can add meeting,21,add_meeting
62,Can change meeting,21,change_meeting
63,Can delete meeting,21,delete_meeting
64,Can add meeting attendee,22,add_meetingattendee
65,Can change meeting attendee,22,change_meetingattendee
66,Can delete meeting attendee,22,delete_meetingattendee
67,Can add document,23,add_document
68,Can change document,23,change_document
69,Can delete document,23,delete_document
70,Can add document type,24,add_documenttype
71,Can change document type,24,change_documenttype
72,Can delete document type,24,delete_documenttype
73,Can add incoming event,25,add_incomingevent
74,Can change incoming event,25,change_incomingevent
75,Can delete incoming event,25,delete_incomingevent
76,Can add outgoing event,26,add_outgoingevent
77,Can change outgoing event,26,change_outgoingevent
78,Can delete outgoing event,26,delete_outgoingevent
79,Can add event type,27,add_eventtype
80,Can change event type,27,change_eventtype
81,Can delete event type,27,delete_eventtype
82,Can add bug,28,add_bug
83,Can change bug,28,change_bug
84,Can delete bug,28,delete_bug
85,Can add note,29,add_note
86,Can change note,29,change_note
87,Can delete note,29,delete_note
88,Can add imported event,30,add_importedevent
89,Can change imported event,30,change_importedevent
90,Can delete imported event,30,delete_importedevent
91,Can merge case,15,can_merge_case
92,Can un-merge case,15,can_unmerge_case
93,Can view all notes,29,can_view_all_notes
94,Can Add Meeting XX,21,can_add_meeting_XX
95,Can Add Meeting Own XX,21,can_add_meeting_own_XX
96,Can Change Meeting XX,21,can_change_meeting_XX
97,Can Change Meeting Own XX,21,can_change_meeting_own_XX
98,Can Delete Meeting XX,21,can_delete_meeting_XX
99,Can Delete Meeting Own XX,21,can_delete_meeting_own_XX
100,Can Add Meeting AO,21,can_add_meeting_AO
101,Can Add Meeting Own AO,21,can_add_meeting_own_AO
102,Can Change Meeting AO,21,can_change_meeting_AO
103,Can Change Meeting Own AO,21,can_change_meeting_own_AO
104,Can Delete Meeting AO,21,can_delete_meeting_AO
105,Can Delete Meeting Own AO,21,can_delete_meeting_own_AO
106,Can Add Meeting Attendee XX,22,can_add_meeting_attendee_XX
107,Can Add Meeting Attendee Own XX,22,can_add_meeting_attendee_own_XX
108,Can Change Meeting Attendee XX,22,can_change_meeting_attendee_XX
109,Can Change Meeting Attendee Own XX,22,can_change_meeting_attendee_own_XX
110,Can Delete Meeting Attendee XX,22,can_delete_meeting_attendee_XX
111,Can Delete Meeting Attendee Own XX,22,can_delete_meeting_attendee_own_XX
112,Can Add Meeting Attendee AO,22,can_add_meeting_attendee_AO
113,Can Add Meeting Attendee Own AO,22,can_add_meeting_attendee_own_AO
114,Can Change Meeting Attendee AO,22,can_change_meeting_attendee_AO
115,Can Change Meeting Attendee Own AO,22,can_change_meeting_attendee_own_AO
116,Can Delete Meeting Attendee AO,22,can_delete_meeting_attendee_AO
117,Can Delete Meeting Attendee Own AO,22,can_delete_meeting_attendee_own_AO
118,Can Add Incoming Event XX,25,can_add_incoming_event_XX
119,Can Add Incoming Event Own XX,25,can_add_incoming_event_own_XX
120,Can Change Incoming Event XX,25,can_change_incoming_event_XX
121,Can Change Incoming Event Own XX,25,can_change_incoming_event_own_XX
122,Can Delete Incoming Event XX,25,can_delete_incoming_event_XX
123,Can Delete Incoming Event Own XX,25,can_delete_incoming_event_own_XX
124,Can Add Incoming Event AO,25,can_add_incoming_event_AO
125,Can Add Incoming Event Own AO,25,can_add_incoming_event_own_AO
126,Can Change Incoming Event AO,25,can_change_incoming_event_AO
127,Can Change Incoming Event Own AO,25,can_change_incoming_event_own_AO
128,Can Delete Incoming Event AO,25,can_delete_incoming_event_AO
129,Can Delete Incoming Event Own AO,25,can_delete_incoming_event_own_AO
130,Can Add Outgoing Event XX,26,can_add_outgoing_event_XX
131,Can Add Outgoing Event Own XX,26,can_add_outgoing_event_own_XX
132,Can Change Outgoing Event XX,26,can_change_outgoing_event_XX
133,Can Change Outgoing Event Own XX,26,can_change_outgoing_event_own_XX
134,Can Delete Outgoing Event XX,26,can_delete_outgoing_event_XX
135,Can Delete Outgoing Event Own XX,26,can_delete_outgoing_event_own_XX
136,Can Add Outgoing Event AO,26,can_add_outgoing_event_AO
137,Can Add Outgoing Event Own AO,26,can_add_outgoing_event_own_AO
138,Can Change Outgoing Event AO,26,can_change_outgoing_event_AO
139,Can Change Outgoing Event Own AO,26,can_change_outgoing_event_own_AO
140,Can Delete Outgoing Event AO,26,can_delete_outgoing_event_AO
141,Can Delete Outgoing Event Own AO,26,can_delete_outgoing_event_own_AO
142,Can Add Imported Event XX,30,can_add_imported_event_XX
143,Can Add Imported Event Own XX,30,can_add_imported_event_own_XX
144,Can Change Imported Event XX,30,can_change_imported_event_XX
145,Can Change Imported Event Own XX,30,can_change_imported_event_own_XX
146,Can Delete Imported Event XX,30,can_delete_imported_event_XX
147,Can Delete Imported Event Own XX,30,can_delete_imported_event_own_XX
148,Can Add Imported Event AO,30,can_add_imported_event_AO
149,Can Add Imported Event Own AO,30,can_add_imported_event_own_AO
150,Can Change Imported Event AO,30,can_change_imported_event_AO
151,Can Change Imported Event Own AO,30,can_change_imported_event_own_AO
152,Can Delete Imported Event AO,30,can_delete_imported_event_AO
153,Can Delete Imported Event Own AO,30,can_delete_imported_event_own_AO
154,Can Add Note XX,29,can_add_note_XX
155,Can Add Note Own XX,29,can_add_note_own_XX
156,Can Change Note XX,29,can_change_note_XX
157,Can Change Note Own XX,29,can_change_note_own_XX
158,Can Delete Note XX,29,can_delete_note_XX
159,Can Delete Note Own XX,29,can_delete_note_own_XX
160,Can View All Note XX,29,can_view_all_note_XX
161,Can View All Note Own XX,29,can_view_all_note_own_XX
162,Can Add Note AO,29,can_add_note_AO
163,Can Add Note Own AO,29,can_add_note_own_AO
164,Can Change Note AO,29,can_change_note_AO
165,Can Change Note Own AO,29,can_change_note_own_AO
166,Can Delete Note AO,29,can_delete_note_AO
167,Can Delete Note Own AO,29,can_delete_note_own_AO
168,Can View All Note AO,29,can_view_all_note_AO
169,Can View All Note Own AO,29,can_view_all_note_own_AO
170,Can Add Case XX,15,can_add_case_XX
171,Can Add Case Own XX,15,can_add_case_own_XX
172,Can Change Case XX,15,can_change_case_XX
173,Can Change Case Own XX,15,can_change_case_own_XX
174,Can Delete Case XX,15,can_delete_case_XX
175,Can Delete Case Own XX,15,can_delete_case_own_XX
176,Can Merge Case XX,15,can_merge_case_XX
177,Can Merge Case Own XX,15,can_merge_case_own_XX
178,Can Unmerge Case XX,15,can_unmerge_case_XX
179,Can Unmerge Case Own XX,15,can_unmerge_case_own_XX
180,Can Change Case Type Case XX,15,can_change_case_type_case_XX
181,Can Change Case Type Case Own XX,15,can_change_case_type_case_own_XX
182,Can Change Description Case XX,15,can_change_description_case_XX
183,Can Change Description Case Own XX,15,can_change_description_case_own_XX
184,Can Change Assigned User Case XX,15,can_change_assigned_user_case_XX
185,Can Change Assigned User Case Own XX,15,can_change_assigned_user_case_own_XX
186,Can Change Contacts Case XX,15,can_change_contacts_case_XX
187,Can Change Contacts Case Own XX,15,can_change_contacts_case_own_XX
188,Can Change Case Cateogry Case XX,15,can_change_case_cateogry_case_XX
189,Can Change Case Cateogry Case Own XX,15,can_change_case_cateogry_case_own_XX
190,Can Change Record Holder Case XX,15,can_change_record_holder_case_XX
191,Can Change Record Holder Case Own XX,15,can_change_record_holder_case_own_XX
192,Can Close Case XX,15,can_close_case_XX
193,Can Close Case Own XX,15,can_close_case_own_XX
194,Can Add Case AO,15,can_add_case_AO
195,Can Add Case Own AO,15,can_add_case_own_AO
196,Can Change Case AO,15,can_change_case_AO
197,Can Change Case Own AO,15,can_change_case_own_AO
198,Can Delete Case AO,15,can_delete_case_AO
199,Can Delete Case Own AO,15,can_delete_case_own_AO
200,Can Merge Case AO,15,can_merge_case_AO
201,Can Merge Case Own AO,15,can_merge_case_own_AO
202,Can Unmerge Case AO,15,can_unmerge_case_AO
203,Can Unmerge Case Own AO,15,can_unmerge_case_own_AO
204,Can Change Case Type Case AO,15,can_change_case_type_case_AO
205,Can Change Case Type Case Own AO,15,can_change_case_type_case_own_AO
206,Can Change Description Case AO,15,can_change_description_case_AO
207,Can Change Description Case Own AO,15,can_change_description_case_own_AO
208,Can Change Assigned User Case AO,15,can_change_assigned_user_case_AO
209,Can Change Assigned User Case Own AO,15,can_change_assigned_user_case_own_AO
210,Can Change Contacts Case AO,15,can_change_contacts_case_AO
211,Can Change Contacts Case Own AO,15,can_change_contacts_case_own_AO
212,Can Change Case Cateogry Case AO,15,can_change_case_cateogry_case_AO
213,Can Change Case Cateogry Case Own AO,15,can_change_case_cateogry_case_own_AO
214,Can Change Record Holder Case AO,15,can_change_record_holder_case_AO
215,Can Change Record Holder Case Own AO,15,can_change_record_holder_case_own_AO
216,Can Close Case AO,15,can_close_case_AO
217,Can Close Case Own AO,15,can_close_case_own_AO
