id,name,description
98,PLAN DE CLASIFICACION,""
99,LICENCIA FSE,""
100,SIT AVERIAS EN SERVICIOS,""
101,DIAS FERIADOS,""
102,CANC CERTIF DE MAESTRO,""
103,CAMBIOS A ORG ESCOLAR,""
104,LIC MEDICO FAMILIAR,""
105,DERECHOS DEL DELEGADO,""
106,DERECHOS DEL UNIONADO,""
107,DESPOJO DE CURSO,""
108,ASIGNACION DE PLAZA,""
109,SOLICITUD DE PLAZA,""
110,SEGURIDAD EN EL EMPLEO,""
111,AUSENCIAS,""
112,LIC. VACACIONES,""
113,DESCRIPCION DE PUESTO,""
114,HORARIO EXTENDIDO,""
115,DIA FERIADO,""
116,PAGO DE MATRICULA,""
117,ESPACIOS OFIC Y ALMAC,""
118,CARTA AMONESTACION,""
119,OTORGACION DE PUESTO,""
120,AVERIAS DE SERVICIOS,""
121,HURTO COMPUTADORA,""
122,CARTA CIRC 10-95-96,""
123,SALON DE CLASES,""
124,HOJA DE ASISTENCIA,""
125,HORARIO ESCOLAR,""
3,Undefined,""
4,CAMBIO DE STATUS,""
5,RECLASIFICACION,""
6,SALARIO,""
7,RECLASIF Y RETRIBUCION,""
8,DIFERENCIAL,""
9,DIFERENCIAL LABOR INTERINA,""
10,PAGO DE LICENCIA,""
11,TRASLADO,""
12,ASA,""
13,DESTITUCION,""
14,CAMBIO DE HORARIO,""
15,ACOMODO RAZONABLE,""
16,ASCENSO,""
17,REUBICACION,""
18,SUSP EMPLEO Y SUELDO,""
19,SUSP EMPLEO Y SUELDO ,""
20,INTENCION DE DESTITUCION,""
21,AMONESTACION ESCRITA,""
22,SUSPENSION,""
23,SUSPENSION DE EMPLEO Y SUELDO,""
24,ESTANCAMIENTO NEGOCIACION COLECTIVA,""
25,Estancamiento Negociación Convenio Colectivo,""
26,Estancamiento Negociación Convenio Col.,""
27,VIOLACION DE CONVENIO,""
28,ASIGNACION SALON ADECUADO,""
29,ORGANIZACION ESCOLAR,""
30,IMPUGNACION DE NOMBRAMIENTO,""
31,Aumento Salarial Retroactivo,""
32,SUSPENSION EMPLEO Y SUELDO,""
33,Licencia por Maternidad,""
34,DESCUENTO DE SALARIO,""
35,Violación de Convenio,""
36,CAMBIO STATUS CERT ALTERNOS,""
37,VIOL DE CONVENIO,""
38,SUSPENSION DE EMPLEO,""
39,IMPUGNACION DE ASCENSO,""
40,CERTIFICADOS ALTERNOS,""
41,DESCUENTO,""
42,CERTIFICACION,""
43,Reasignacion,""
44,REPRIMENDA ESCRITA,""
45,SEPARACION DE EMPLEO,""
46,DESPOJO DE FUNCIONES,""
47,ESTACIONAMIENTO,""
48,DIETAS Y MILLAJE,""
49,"TRANS PUESTO, RECLASF",""
50,SEGURIDAD,""
51,CESANTIA POR INCAPAC,""
52,IMPUGNACION DE NOMBR,""
53,CUIDO DE NIÑOS,""
54,DESCUENTO DE SUELDO,""
55,REASIGNACION Y TRASLAD,""
56,TABLON DE EDICTOS,""
57,LEY 149,""
58,SOL PLAZA PERMANENTE,""
59,HOSTIGAMIENTO LABORAL,""
60,ACCION DISCIPLINARIA,""
61,CIERRE ADMINISTRATIVO,""
62,RETENC BONO NAVIDAD,""
63,CESANTIA ,""
64,CARTA DE AMONESTACION,""
65,REM DE COMP Y FUNCIONE,""
66,CIERRE PATRONAL MAY06,""
67,HOSTIGAMIENTO ,""
68,CLASIFICACION,""
69,NOMBRAM TRANSITORIOS,""
70,SUB CONTRATACION,""
71,REINSTALACION,""
72,AUMENTO SALARIAL,""
73,PLANES DE CONTINGENCIA,""
74,CC 17-2004-2005,""
75,LEY CARR MAGISTERIAL,""
76,"ASCENSO, PAGO DIFEREN",""
77,"OBVENCION, CAM HORARIO",""
78,"UNIF, COLEGIACION, DIETAS",""
79,OBVENCION ALIMENTOS,""
80,SALON HOGAR,""
81,UNIFORMES,""
82,CLASIFIC Y RETRIBUCION,""
83,PERIODO INSTITUCIONAL,""
84,ANTIGUEDAD,""
85,MODALIDAD DE HORARIO,""
86,HORAS EXTRAS,""
87,AIRE ACONDICIONADO,""
88,"LIC MATERN, VAC Y ENF",""
89,DERECHOS DE UNIONADOS,""
90,DIA LIBRE,""
91,PROGRAMA DE TRABAJO,""
92,CIERRE PARCIAL(VACAC),""
93,AMONESTACIONES,""
94,DESC. POR AUSENCIA,""
95,RETENCION DE BONO,""
96,CAMBIO DE PROGRAMA,""
97,TURNO DE TRABAJO,""
126,TIEMPO COMPENSATORIO,""
127,VIOL CONV  ART X,""
128,PROPAGANDA,""
129,DIETA Y MILLAJE,""
130,DESCUENTO DE HORAS,""
131,LICENCIA PERSONAL,""
132,DESCUENTO 3 HORAS,""
133,ASIGNACION DE SALON,""
134,MEMO DE ORIENTACION,""
135,TRATO HOSTIL,""
136,CESANTIA,""
137,REVISION DE EVALUACION,""
138,REGISTRO DE ASISTENCIA,""
139,MEDIDAS DISCIPLINARIAS,""
140,"Art 12,  IMPUG DE TAREAS",""
141,PAGO DIFERENCIAL,""
142,CLASIF Y RETRIBUCION,""
143,IMPUGNACION DE PUESTO,""
144,PAGO DIETAS Y MILLAJE,""
145,FUNCIONES DEL PUESTO,""
146,SALARIOS,""
147,INCUMP DE ESTIPULACION,""
148,DESPIDO INJUSTIFICADO,""
149,NOMBRAM PUESTO SUP,""
150,PAGO DE BONO,""
151,ASIG. DE FUNCIONES,""
152,HORARIO  DE TRABAJO,""
153,DESC. LIC. PERSONAL,""
154,SOLICITUD DE PUESTO,""
155,USO DE SALON,""
156,LAPTOPS,""
157,DESCUENTO DE UN DIA,""
158,DESC 2 HRS LIC PERSONAL,""
159,CAMB DE PUESTO Y FUNC,""
160,DESPIDO,""
161,EVALUACION,""
162,HORA CAMBIO DE CHEQUE,""
163,SEP DE EMPLEO Y SUELDO,""
164,BON ASIST PERFECTA,""
165,CUMP ESTIPULACION,""
166,DESCUENTO 1/2 DIA,""
167,FALSAS DECLARACIONES,""
168,ASIG DE TAREAS,""
169,ARMA DE REGLAMENTO,""
170,CAMB DE HORARIO,""
171,SALARIO Y DIFERENCIAL,""
172,MATERIALES Y EQUIPO,""
173,"DIETA ,MILLAJE,COL. Y UNIF",""
174,SEGURIDAD A EMPLEADOS,""
175,CONVOCATORIAS INTERN,""
176,AMONESTACION VERBAL,""
177,PUB. CONVOCATORIAS,""
178,ROTACION AREA TRABAJO,""
179,"ASA, DESC. SALARIO",""
180,APORT. AL PLAN MEDICO,""
181,LICENCIIA MATERNIDAD,""
182,"LEY 149, LEY 45",""
183,C.C. 5-2005-2006,""
184,DESCUENTO INDEBIDO,""
185,INFORME DE ASISTENCIA,""
186,CONDICIONES SALUBRIDAD,""
187,ESPECIF. DE CLASE,""
188,BONIFICACION,""
189,DESCUENTO AL SALARIO,""
190,ASIG. DE TRABAJO,""
191,REEMB DIETAS Y MILLAJE,""
192,"EQUIPO, ESPACIOS Y MAT.",""
193,AUMENTO DE SUELDO,""
194,LICENCIA DE VACACIONES,""
195,CARRERA MAGISTERIAL,""
196,RETENCION DE CHEQUE,""
197,TIEMPO DELEGADO,""
198,DESCUENTO DE CHEQUE,""
199,PLAN DE TRABAJO,""
200,D.E. 16,""
201,HOSTIG Y ACOSO LABORAL,""
202,ARTICULO 48 Y OTROS,""
203,PERSECUSION Y ACOSO,""
204,PAZ LABORAL,""
205,MALTRATO VERBAL,""
206,PAGO EXCESO VACACIONES,""
207,CAMBIO AREA DETRABAJO,""
208,DIETAS,""
209,ASIG DE FUNCIONES,""
210,"TEMPERATURA, FLUJO A/C",""
211,UNIFORMES Y ZAPATOS,""
212,TOPE DE MATRICULA,""
213,EVAL Y ASIG DE GRUPOS,""
214,DESC DE UNA HORA,""
215,TIEMPO LECTIVO,""
216,AJUSTE DE SUELDO,""
217,RECLUT NUEVO PERSONAL,""
218,SUSPENSION 30 DIAS,""
219,PUESTOS TRANSFERIDOS,""
220,CUMP RES DEL COMITE,""
221,"ARTICULO 23, SEC 5",""
222,PLAZA EXCEDENTE,""
223,SUSPENSION 20 DIAS,""
224,AMONESTACION,""
225,TRASLADO EN DESTAQ,""
226,ORDENES ADMINIST.,""
227,RETIRO INCENTIVADO,""
228,PATRON DE HOSTIG.,""
229,CRISTAL DE VEHICULO,""
230,LIC OCUPACIONAL,""
231,VACACIONES,""
232,AREA DE TRABAJO,""
233,SEPARAC DEL PUESTO,""
234,SUSP 15 DIAS,""
235,DESC  DE LICENCIAS,""
236,PUESTO EXCEDENTE,""
237,REEMBOLSO DE VIAJE,""
238,PASO AUTOMATICO,""
239,IMPUG. NOMBRAMIENTO,""
240,DERECHOS ADQUIRIDOS,""
241,ACTIV CO-CURRICULARES,""
242,"SALARIO, CERT. MAESTRO",""
243,CERT TRABAJADOR SOCIAL,""
244,DESC 1/2 DIA TRABAJO,""
245,CART IMP NOMBRAMIENTO,""
246,AUMENTO DE SALARIO,""
247,REDUCCION DE SALARIO,""
248,NO HAY AIRE ACOND.,""
249,DEUDA,""
250,PAGO HORAS EXTRAS,""
251,SUBCONTRATACION,""
252,RECLASIFICACION y RETRIBUCION,""
253,PASO POR AÑOS SERVICIO,""
254,GASTOS DE VIAJE,""
255,IMPUG. RECLUTAMIENTO,""
256,TIEMPO DESCONTADO,""
257,"TRATO HOSTIL, INTIMIDAC",""
258,DINERO RETROACTIVO,""
259,PROC. RECEPCION,""
260,RETENCION CHEQUES,""
261,AUMENTO AÑOS SERV.,""
262,CAMBIOS UNID APROP,""
263,SUPERVISION,""
264,HOJA DE DEBERES,""
265,LICENCIA MILITAR,""
266,PLAZA PERMANENTE,""
267,IMPUG NOMBRAM.,""
268,ADJUDICACION PLAZA,""
269,PLAN MEDICO,""
270,VISITA SALA CLASES,""
271,SEPARAC INCAPACIDAD,""
272,REVISION DE SALARIO,""
273,ELIM. LABORATORIO,""
274,VIOL. ESTIPULACION,""
275,PROGRAMA TRABAJO,""
276,LICENCIA JUDICIAL,""
277,VIOL. CONVENIO,""
278,MEDIDA DISCIPLINARIA,""
279,LICENCIA,""
280,PASOS POR MERITO,""
281,BAL. DE LICENCIAS,""
282,RESTITUCION PUESTO,""
283,IMPUG DE NOMBRAMIENTO,""
284,GUIA DE EVALUACION,""
285,PROP REC PUESTOS NEC,""
286,SALUD Y SEGURIDAD,""
287,"NOM PERSONAL, CUOTA",""
288,NOMBRAMIENTO,""
289,PAGO BONIFICACION,""
290,RECLAS Y RETRIBUCION,""
291,SUSPENSION EMPLEO,""
292,VOLUMEN DE CASOS,""
293,AJUSTE SAL RETROACTIVO,""
294,SEP POR INCAPACIDAD,""
295,ARTICULO VIII,""
296,FUNC. DE SUPERVISION,""
297,DESCUENTO SALARIO,""
298,REGISTRO DE REUB.,""
299,TAREAS ADM.,""
300,PROGRAMA DE CLASE,""
301,SOLICITUD DE CURSO,""
302,SELECCION DE CURSO,""
303,EQUIPO ERGONOMICO,""
304,PAGO LABOR INTERINA,""
305,ASCENSOS,""
306,SEPARAC EMPLEO Y SUELDO,""
307,PAGO DE DIFERENCIAL,""
308,LIC ENFERMEDAD,""
309,DESPOJO FUNCIONES,""
310,IMPUGNACION DE PLAZA,""
311,CONDUCTA IRRESPETUOSA,""
312,CORREGIR NOMBRAMIENTO,""
313,AUMENTOS DE SUELDO,""
314,RETENCION CHEQUE,""
315,LACTANCIA,""
316,REGISTRO ELEGIBLES ORIENT,""
317,PLAZA BIBLIOTECA,""
318,FUNC. DE DELEGADA,""
319,LIC DE VACACIONES,""
320,REMOCION AREA TRABAJO,""
321,DESCENSO,""
322,PUESTO Y RETRIBUCION,""
323,PLAN CLASIFICACION,""
324,REINSTALACION PUESTO,""
325,RECLAMACION SALARIO,""
326,AUMENTO SUELDO,""
327,LICENCIA SIN SUELDO,""
328,RETRIBUCION,""
329,REEMBOLSO DIAS DESC.,""
330,"RECLASIF, ASCENSO",""
331,PERMANENCIA PLAZA,""
332,PROGRAMA CLASE,""
333,PROGRAMA CLASES,""
334,CAMBIO DE PLAZA,""
335,CURSO EXCEDENTE,""
336,TIEMPO DE DELEGADO,""
337,HORARIO Y JORNADA TRAB,""
338,LEY 167,""
339,SALARIO RETROACTIVO,""
340,PAGO ESTACIONAMIENTO,""
341,CONDICIONES TRABAJO,""
342, HORARIO DE TRABAJO,""
343,BALANCES LICENCIAS,""
344,RECLUTAM Y SELECCION,""
345,LICENCIA OCUPACIONAL,""
346,PERIODO TOMAR ALIM,""
347,SUSP. EMPLEO Y SUELDO,""
348,TAREAS ADICIONALES,""
349,CARGO A LICENCIA,""
350,PAGO AÑOS SERVICIO,""
351,CANC HORARIO FLEXIBLE,""
352,TIEMPO PARCIAL,""
353,PETICION DE GRUPO,""
354,AUSENCIA,""
355,DESCUENTOS,""
356,REINSTALACION ,""
357,APORTACION PLAN MEDICO,""
358,EDUCACION CONTINUA,""
359,HORARIO CAMBIO CHEQUE,""
360,AUMENTO SALARIO,""
361,CAMBIO DE SUELDO,""
362,LIC VISITA ESCOLAR,""
363,HOSTIGAMIENTO,""
364,DERECHO AFILIACION,""
365,RESTITUCION HORARIO,""
366,BONO AÑOS SERVICIO,""
367,REPRES SINDICAL,""
368,PER INSTITUCIONAL,""
369,PROGRAMA DE CLASES,""
370,HORARIO TRABAJO,""
371,REGLAM DE PERSONAL,""
372,EQUIPO NEC Y SEGURO,""
373,INVESTIGACION,""
374,FUNCIONES SUPERVISION,""
375,PLAN RECLASIFICACION,""
376,ORDEN ADM 2007-003,""
377,PAGO CUIDO NIÑOS,""
378,"PAGO SALARIOS, ASCENSO",""
379,CUOTA DE TRABAJO,""
380,BONO PRODUCTIVIDAD,""
381,CARTA DE REUBICACION,""
382,PAGO REC. DIETAS,""
383,INTERINATO,""
384,LIC DIA CUMPLEAÑOS,""
385,EXPEDIENTE MEDICO,""
386,SEPARACION EMP Y SUELDO,""
387,AJUSTE SALARIAL,""
388,LICENCIA ,""
389,CONTRATACION,""
390,TRABAJO O PUESTO,""
391,TRASLADO Y CAMB FUNCIONES,""
392,ASIGNACION DE TAREAS,""
393,ASUNTO OFICIAL,""
394,PRINC MERITO Y ANTIGUEDAD,""
395,ACTITUD DISCRIMINATORIA,""
396,LABOR INTERINA,""
397,EVALUACION/AMONESTACION,""
398,UNIFORME,""
399,DESC LICENCIA ESCOLAR,""
400,AUSENCIA SIN AUTORIZACION,""
401,BONO DE NAVIDAD,""
402,LICENCIA VACACIONES,""
403,JORNADA DE TRABAJO,""
404,SUSP EMPLEO 30 DIAS,""
405,DIFERENCIAL…,""
406,SUSPENSION 15 DIAS,""
407,SUSPENSION 3 DIAS,""
408,PAGO ADEUDADO,""
409,SUSPENSION DE EMPLEO Y SUELDO 3 DIAS,""
410,SEPARACION POR INCAP,""
411,AMON ESCRITA Y VERBAL,""
412,PERIODO DE ALIMENTOS,""
413,VACUNA,""
414,PAGO TIEMPO AUSENTE,""
415,PERIODO PROBATORIO,""
416,ABANDONO SERVICIO,""
417,ASIGNACION DE PUESTO,""
418,FUNCIONES,""
419,REMUNERACION,""
420,DIA DE DESCANSO,""
421,DENEGACION DE NOMINA,""
422,ENTREVISTA,""
423,DIFERENCIAL Y AUMENTO,""
424,LICENCIA  FUNERAL,""
425,SUSP DE EMPLEO Y SUELDO,""
426,PASO POR AÑOS DE SERV.,""
427,OBVENCIONES,""
428,ACCION DE COBRO,""
429,ACOSO LABORAL,""
430,TALLER,""
431,CARTA INTENCION MED DISC ,""
432,DESCUENTO DE CUOTA,""
433,DESC LIC ENFERMEDAD ,""
434,"UNIFORMES, COLEG Y ED CON",""
435,ALTO RIESGO,""
436,"UNIFORMES, DIETA Y MILLAJE",""
437,EQUIPOS Y MATERIALES,""
438,AREA DE DESCANSO,""
439,SUSPENSION EMP. Y SUELDO,""
440,BONO DE NEGOCIACION,""
441,BONO POR UNIFORMES,""
442,CAMPAMENTO DE VERANO,""
443,CAMBIO DE CLASIFICACION,""
444,OBVENCIONES DE ALIMENT,""
445,CAMBIO DE RETRIBUCION,""
446,CAMBIO DE HORARIOS,""
447,HORARIO ALMUERZO Y FUNC,""
448,TRASLADO Y DIFERENCIAL,""
449,AUMENTOS,""
450,RECOBRO DE DINERO,""
451,PAGO GUARDIAS ESPECIALES,""
452,CASOS INTERESTATALES,""
453,AUMENTO,""
454,SEPARACION DEL PUESTO,""
455,CLASIFICACION DE PUESTO,""
456,"PASOS POR MERITO, RECLASIF",""
457,BAL VACACIONES ACUMULADAS,""
458,COMPUTO LIC ACUMULADAS,""
459,CONTESTACION DE QUERELLA,""
460,RETROACTIVO,""
461,OBVENCIONES DE UNIFORME,""
462,RELACIONES DE PERSONAL,""
463,DESCUENTO DE DIAS,""
464,DESCUENTO DE LICENCIA,""
465,SUSPENSION SUMARIA,""
466,CLIMA LABORAL,""
467,CARGA DE TRABAJO,""
468,PASOS COND EXTRAORDINARIAS,""
469,RECOBRO,""
470,EQUIPO DE SEGURIDAD,""
471,AMBIENTE LABORAL,""
472,CARTA INSUBORDINACION,""
473,LEY 45,""
474,PERMANENCIA,""
475,CAMBIO DE TURNO,""
476,RETRIBUCION Y ACCION DE COBRO,""
477,AMONESTACION ,""
478,AMENAZA DE SUPERVISOR,""
479,REGLAMENTO,""
480,RECLASIF Y AUMENTO,""
481,BON POR  DIFICIL RECLUTAMIENTO,""
482,ENMIENDA A REGLAMENTO,""
483,RECLUT Y SELECCION,""
484,CLASIFI Y RETRIBUCION,""
485,PASO POR MERITO,""
486,SOLICITUD DE LICENCIA,""
487,CAMBIO DE CHEQUE,""
488,"ASIG. TAREAS, RETRIBUCION",""
489,TIEMPO TRABAJADO,""
490,"VIOL CONVENIO, LEY 45 SINDIC",""
491,PLAN DE CLAS Y RETRIBUCION,""
492,CARTA ORG ESCOLAR Y ANTIGUEDAD,""
493,PLAZA ARTES VISUALES,""
494,PLAZA BIBLIOTECARIA,""
495,"LEY 184, C.C. 12-2007-2008",""
496,"LEY 184, C.C. 12-2007-2009",""
497,SOLICITUD OFRECER CURSO,""
498,ABANDONO DE SERVICIO,""
499,DESCUENTO LICENCIAS,""
500,PAGO DE NOMINA,""
501,PAGO COLEGIATURA,""
502,PAGO DIETA Y MILLAJE,""
503,BONO ASISTENCIA,""
504,REEMBOLSO DE ASA,""
505,DESCUENTO LIC VACACIONES,""
506,LEY 184 NOMBRAMIENTO,""
507,FAC. SANITARIAS Y SERV AGUA,""
508,RECLUTAMIENTO,""
509,UNIFORMES/DIETAS/MILLAJE,""
510,FUNCION DE SUPERVISION DE TURNO,""
511,PAGO OBVENCIONES,""
512,COBRO RETROACTIVO,""
513,"PLAN DE CLASIFICACION, RECOBRO",""
514,APORTACION PATRONAL COLA,""
515,QUINQUENIO,""
516,RECOBRO DE SALARIO,""
517,RECOBRO ,""
518,SEPARACION DE PUESTO,""
519,DESCUENTO LICENCIA,""
520,TIEMPO CAMBIO DE CHEQUE,""
521,FUNCIONES DE PUESTO,""
522,ESCALA SALARIAL,""
523,COBRO INDEBIDO,""
524,TIEMPO OFICIAL,""
525,APORTACION PAGO COLA,""
526,CARTA CIRCULAR,""
527,ESTATUS,""
528,EXCEDENTE,""
529,ACOSO Y PERSECUCION,""
530,ACONDICIONADOR DE AIRE,""
531,ASIGNACION DE FUNCIONES,""
532,PAGO POR LABOR INTERINATO,""
533,NOMBRAMIENTOS,""
534,INTERINATO ILEGAL,""
535,AUM DE SALARIO Y BONOS ,""
536,REVOCACION DE DECISION,""
537,REVISION DE TAREAS ,""
538,RETRIBUCION Y SALARIO,""
539,BON POR FIRMA DE CONVENIO,""
540,SOLICITUD DE DISCULPA,""
541,TIEMPO EXTRA,""
542,LICENCIA POR ENFERMDAD,""
543,LIC POR ASUNTO OFICIAL,""
544,IMPUG DE EVALUACION,""
545,PAGO DE DIETAS,""
546,LABOR DE INTERINATO,""
547,NORMAS DE RECLUTAMIENTO,""
548,SOLIC LICENCIA DE VACACIONES,""
549,TAREAS ASIGNADAS,""
550,TRATO DESIGUAL,""
551,BONO Y RECLASIFICACION,""
552,WEINGARTEN Y ASIGN DE CITAS,""
553,DERECHOS WEINGARTEN ,""
554,PUESTOS DE UNIDAD APROP,""
555,CONDICIONES DE EMPLEO,""
556,TIEMPO CAMBIAR CHEQUE,""
557,NOMBRE DE USUARIO Y CLAVE,""
558,ENTREGA DE CONVENIO,""
559,LICENCIA DE ENFERMEDAD,""
560,NO ENTREGA DE CONVENIO,""
561,DESCUENTO DE DIA,""
562,RECLUTAMIENTO Y SELECCION,""
563,TURNO LLAMADA ON-CALL,""
564,PERIODO DE GRACIA,""
565,"ASA, REPRIMENDA ESCRITA",""
566,PROCESO DE EVALUACION,""
567,DIAS COMPENSATORIO,""
568,EXCESO DE CASOS,""
569,"JORNADA, TURNO DE TRABAJO",""
570,AUSENCIA SIN AUTORIZAR,""
571,DOCUMENTO AL EXPEDIENTE,""
572,"BONO DE NAV, PLAN MED Y SALARIO",""
573,FUNC DE SUPERVISION,""
574,ASCENSO Y RECLASIF,""
575,ACCIONES DEL SUPERVISOR,""
576,PAGO DE OBVENCIONES ,""
577,PAGO COL Y EDUC CONTINUA,""
578,PAGO LABOR INTERINATO,""
579,COND AREA DE TRABAJO,""
580,FUNCIONES ,""
581,POLITICA DE AUSENTISMO,""
582,AGRESION FISICA Y VERBAL,""
583,FALTA DE RESPETO,""
584,TAREA,""
585,HORARIO ALMUERZO,""
586,PROCESO DE SELECCION,""
587,"JORN TRABAJO, PER ALIMENTO",""
588,RECLASIFI Y RETRIBUCION,""
589,BONO VERANO ,""
590,RANGOS OTORGADOS,""
591,ASCENSOS OTORGADOS,""
592,ACOSO,""
593,INTERFERENCIA TAREAS,""
594,AUDITORIA DE PUESTO,""
595,AUMENTO DE BONO,""
596,BONO AÑOS POR SERVICIO,""
597,DEPOSITO DIRECTO,""
598,IMPUGNACION NOMBRAMIENTO,""
599,VIOL CONVENIO  ART V,""
600,SOLICITUD  DE PLAZA,""
601,NO RECONOCIMIENTO DE UNION,""
602,APORTACION PATRONAL CUIDO NIÑOS,""
603,PAGO ARREGLO AUTO,""
604,HORARIO,""
605,EXPEDIENTES DE PERSONAL,""
606,"COND TRABAJO, AMONESTACION",""
607,AMBIENTE LABORAL HOSTIL,""
608,TRANSF EXPEDIENTES,""
609,LIC ENFERM Y VACACIONES,""
610,CESANTIA POR INCAP,""
611,IMPUG DE PUESTO,""
612,IMPUG DE ASCENSO,""
613,PAGO GASTOS DE VIAJE,""
614,DESC LIC VACACIONES,""
615,DESC DE LICENCIA,""
616,PAGO INTERINATO Y RECLASIF,""
617,PASOS POR MERITOS,""
618,INTENCION DESTITUCION,""
619,AMBIENTE LABORAL ,""
620,LEY 56,""
621,IMPUG PROC RECLUTAM,""
622,IMPUG PLAN CLASIF,""
623,DESTAQUE,""
624,PAGO COLEG Y ED CONT,""
625,SOLIC REUBICACION,""
626,"IMPUGNACION DE PLAZA, TRASLADO",""
627,PAGO BONO VERANO,""
628,TIEMPO DESC DE LIC,""
629,REV ESCALA SALARIAL,""
630,LIC SIN SUELDO,""
631,LICENCIA SINDICAL,""
632,PAGO EXCESO LIC VACACIONES,""
633,ACOSO MORAL,""
634,LIC DE CONDUCIR,""
635,RECLAS Y PAGO RETROAC,""
636,IMPUG RECLUTAMIENTO,""
637,PAGO AUM SALARIO,""
638,ACRED LIC POR COLEGIACION,""
639,BONIFICACION ,""
640,COMPRA MAQ HIELO,""
641,CONDIC DE TRABAJO,""
642,LIC MATERN Y ENFERM,""
643,PAGO DE DIETA,""
644,PAGO DE SALARIO,""
645,HORA CAMBIAR CHEQUE,""
646,TARDANZAS,""
647,CERTIF ANTIGUEDAD,""
648,SUSP DE EMPLEO ,""
649,CODIGO DE VESTIMENTA,""
650,DIA DE CUMPLEAÑOS,""
651,"SOL PUESTO, AJUSTE DE SUELDO",""
652,RECLASIF Y REMUNERACION,""
653,IMPUG NOMBRAMIENTO,""
654,RADIOS DE COMUNICACION,""
655,HORA CAMBIO CHEQUE,""
656,ADJUDICACION PUESTO,""
657,REPRIMENDA ,""
658,CAMBIO DE PUESTO,""
659,DESTITUCION / RENUNCIA,""
660,MEMORANDO,""
661,REEMBOLSO CAMPAMENTO,""
662,DIFERENCIALES,""
663,LICENCIA FUNERAL,""
664,BONO SERVICIO,""
665,SINOT,""
666,INTENCION DE SUSPENSION,""
667,BENEFICIOS ADQUIRIDOS,""
668,SUSPENSION POR 6 MESES,""
669,TIEMPO COMPENSATORIO/DIETAS,""
670,FUNCIONES DE UNIDAD APROPIADA,""
671,ENMIENDA A AUMENTO SUELDO,""
672,TAREAS DE SUPERVISION,""
673,ORDEN GENERAL 2009-1,""
674,"DIA DE CUMPLEAÑOS, LIC DUELO",""
675,COMPENSACION,""
676,LICENCIA DIA DE CUMPLEAÑOS,""
677,DESCUENTO DE LICENCIAS,""
678,"TRASLADO, PAGO DIETAS",""
679,CREACION DE PUESTO,""
680,ADIESTRAMIENTO,""
681,"AUMENTO, PLAN MEDICO",""
682,LIC DIA DE CUMPLEAÑOS,""
683,HORARIO DE TRABAJO,""
684,ORDEN PREV-1-2-106-09L,""
685,SUSPENSION DE  EMPLEO ,""
686,DIFERENCIAL Y RECLASIF,""
687,BALANCE LICENCIA REGULAR VACACIONES,""
688,"TRASLADO, DIFERENCIAL",""
689,DESCUENTO DIA AUTORIZADO,""
690,"TRASLADO, DIETA Y MILLAJE",""
691,AUMENTO POR AÑOS SERVICIO,""
692,ESTACIONAMIENTOS,""
693,"PLAN MEDICO, SALARIO",""
694,CESANTIA-LEY 7,""
695,PLAZA DE DIRECTOR,""
696,"AUMENTO SALARIO, PLAN MED",""
697,EVALUACION OFICIAL,""
698,DIFERENCIAL ALTO RIESGO,""
699,INFORMACION SOLICITADA,""
700,APORT PATRONAL SIST RETIRO,""
701,AUMENTO RETROACTIVO,""
702,PAGO TIEMPO COMPENSATORIO,""
703,"RECLASIFICACION, DIFERENCIAL",""
704,ANULACION DE ASCENSO,""
705,PAGO EXCESO DIAS ENFERMEDAD,""
706,AJUSTE SALARIAL RETROACTIVO,""
707,RECLASIF Y AJUSTE SALARIAL,""
708,COBRO INDEBIDO DE DIFERENCIAL,""
709,COPIA DE EXPEDIENTES,""
710,INTENCION DE ANULAR ASCENSO,""
711,"DIFERENCIAL INTERINATO,AUMENTO",""
712,RECONOCIMIENTO AÑOS SERVICIO,""
713,APORTACIONES PATRONALES,""
714,PAGO POR RECOBRO,""
715,PAGO OBVENCIONES DE ALIMENTO,""
716,CERT REPRESENTANTE EXCLUSIVO,""
717,FUNCIONES DE SUPERVISION,""
718,CUOTA DE UNIFORMES,""
719,"RECLASIFICACION, RECOBRO",""
720,"UNIFORMES, BONO GASTOS",""
721,"JORNADA , T COMPENSATORIO",""
722,LICENCIA ENFERMEDAD,""
723,"GASTOS VIAJE,  T COMPENSATORIO",""
724,DESCUENTOS INDEBIDOS,""
725,BONO POR RECOBRO,""
726,PAGO LIC ENFERMEDAD,""
727,CLIMA DE TRABAJO,""
728,ANULACION ASCENSO,""
729,LICENCIA DIA CUMPLEAÑOS,""
730,UNIFORMES ,""
731,LICENCIAS ESPECIALES,""
732,ANULACION DE TRASLADO,""
733,CERTIFICADO DE MAESTRA,""
734,"DIFERENCIAL, VEHICULO",""
735,RECLASIFICACION ,""
736,APORTACION UNIFORMES,""
737,FALTA ADMINISTRATIVA,""
738,"RETIRO FUNCIONES, TRATO HOSTIL",""
739,"TRATO HOSTIL, DESPOJO FUNCIONES",""
740,INTERRUPCION EN SERVICIO,""
741,PAGO LEY 56,""
742,PAGO UNIFORME 1-21-10,""
743,PAGO UNIFORME 1-31-09,""
744,AJUSTE SUELDO AÑOS SERVICIO,""
745,PAGO DIFERENCIAL RETROACTIVO,""
746,PAGO LEY 56 (RECOBRO),""
747,CALENDARIO,""
748,PAGO UNIFORMES,""
749,AMBIENTE DE TRABAJO,""
750,NOTIFICACION DE NOMBRAMIENTO,""
751,LEY DE RECOBRO,""
752,PLAN DE CESANTIAS,""
753,MALTRATO,""
754,DISCRIMEN POLITICO,""
755,DIETA,""
756,DIFERENCIAL POR INTERINATO,""
757,BONIFICACIONES,""
758,SUSP.  EMPLEO Y SUELDO,""
759,LICENCIA  DIA CUMPLEAÑOS,""
760,REUBICACION-HORARIO,""
761,REUBICACION  HORARIO,""
762,REUBICACION HORARIO,""
763,REUBICACION - HORARIO,""
764,BONIFICACIONES POR JUBILACION,""
765,PAGO TIEMPO EXTRA,""
766,"SALARIO, JORNADA DE TRABAJO",""
767,LICENCIAS,""
768,REUBICACION DE PLAZA,""
769,"TRASLADO, DESPOJO FUNCIONES",""
770,MEDIDAS CORRECTIVAS,""
771,"TRASLADO, RECLASIFICACION",""
772,LISTA EMPLEADOS UNIDAD APROP,""
773,ELIMINACION DE NOMBRAMIENTO,""
774,"DESPIDO, ELIM DE NOMBRAM",""
775,PERMISO ESTACIONAMIENTO,""
776,ANULACION NOMBRAMIENTO,""
777,ELIMINACION DE PUESTO,""
778,DESPIDOS,""
779,DISCRIMEN,""
780,"HORARIO, PAGO DIFERENCIA",""
781,"DESTAQUE, TRASLADO",""
782,ELIMINACION DE ASCENSO,""
783,"ELIMINACION DE PLAZA, REUBICACION",""
784,CANCELACION DE VACACIONES,""
785,"AMBIENTE HOSTIL, TRASLADO",""
786,PAGO LABOR INTERINA RECLAS,""
787,PABO LABOR SUPERVISION,""
788,DIFERENCIAL ,""
789,BONO POR AÑOS SERVICIO,""
790,PAGO FUNCIONES INTERINATO,""
791,SUSPENSIÓN,""
792,CONDUCTA HOSTIL,""
793,CONVOCATORIAS,""
794,CAMBIO DE TURNOS,""
795,DIFERENCIAL DE SALARIO,""
796,ASCENSO Y CAMBIO DE PUESTO,""
797,DESPIDO POR VEDA ELECTORAL,""
798,AMONESTACION FORMAL,""
799,AJUSTE ESCALA SALARIAL,""
800,PAGO BONO DE VERANO,""
801,AUMENTO 3% SALARIO,""
802,DESCUENTO ,""
803,PAGO DE OBVENCIONES,""
804,PAGO  POR LEY 56,""
805,PAGO DE UNIFORMES,""
806,PAGO POR LEY 56,""
807,SUSPENSION ,""
808,ANULACION DE NOMBRAMIENTO,""
809,DESPIDO ,""
810,INTENCION SUSP DE EMPLEO,""
811,ASIGNACION DE SUPERVISION,""
812,ANULACION DE PUESTO,""
813,"HOSTIGAMIENTO, PAGO ESCOLAR",""
814,DESCUENTOS INJUSTIFICADOS,""
815,PAGO DE SALARIO ADEUDADO,""
816,AUSENCIA SIN JUSTIFICAR,""
817,RELEVO DE REPRESENTACION,""
818,SUSPENSION DE 15 DIAS,""
819,DESCUENTO POR PARO,""
820,DESCUENTO POR ASA (PARO),""
821,PAGO POR UNIFORMES,""
822,PAGO  OBVENCIONES,""
823,"CERTIFICACIONES, PAGOS",""
824,DESCUENTO ASA 26-AUG-10,""
825,DESCUENTO 26-AUG-10,""
826,SUSPENSION DE 30 DIAS,""
827,SUSPENSION DE 5 DIAS,""
828,DESCUENTO 26-AUG-10 DIRECTORA,""
829,DESCUENTO LIC. VACACIONES,""
830,CLASIFICACION Y RETRIBUCION,""
831,ELIMINACION DE RECLASIFICACION,""
832,BALANCES DE LICENCIAS,""
833,HACINAMIENTO,""
834,LICENCIAS Y TIEMPO DESCONTADO,""
835,EQUIPO DE SEGURIDAD Y UNIFORMES,""
836,PLAN DE CONTINGENCIA,""
837,"INTENCION DE SUSPENSION, Y…",""
838,DESCUENTO  SALARIO,""
839,SUSP EMPLEO Y SUELDO Y…,""
840,TRASLADO/REUBICACION,""
841,USO DE PUESTOS VACANTES,""
842,DIETAS ,""
843,AUTORIZACION/PAGO VACACIONES,""
844,"TRASLADOS, ART. 58",""
845,CAMBIO HORARIO TRABAJO,""
846,CLASIFICACION ,""
847,"TRASLADO, CAMBIO DE HORARIO",""
848,LEY 70,""
849,SUPERVISION NOCTURNA,""
850,"DIETA MILLAJE,BAL VAC",""
851,DESCUENTO CITA FSE,""
852,"TRASLADO,RECLASIF",""
853,INCUMPLIMIENTO PAGO,""
854,SUSP EMPLEO -15 DIAS,""
855,SUSPENSION  EMPLEO,""
856,SUSP EMPLEO -60 DIAS,""
857,"HORARIO, PLAZAS",""
858,SUSP EMPLEO -18 DIAS,""
859,PAGO DE FUNCIONES,""
860,PAGO SEGURO CHOFERIL,""
861,DESC EN PER DE ALIMENTO,""
862,DESCUENTO TARDANZAS,""
863,DOCUMENTO LIQUIDACION,""
864,AUMENTO BONO NAVIDAD,""
865,PAGO BALANCES DESCONT,""
866,CIERRES ADMINISTRATIVOS,""
867,"BAL VACACIONES, PAGO DIETAS",""
868,BENEFICIO LEY 70,""
869,CARTA INTENC MEDIDA PROV,""
870,CARTA MEDIDA PROVISIONAL,""
871,TRASLADOS,""
872,RE-EVALUACION PARA PLAZA,""
873,DESCUENTO DE BALANCE,""
874,CARTA  AMONESTACION,""
875,EXPULSION,""
876,PLAN DE VACACIONES,""
877,DESTAQUE ADMINISTRATIVO,""
878,"HOSTIGAMIENTO ,ACOSO",""
879,TRASLADO DE PUESTO,""
880,PAGO CENTROS CUIDADO DIURNO,""
881,"DIFERENCIAL, RECLASIFICACION",""
882,REGISTRO DE ELEGIBLES,""
883,AUMENTO POR CONVENIO,""
884,LICENCIA ESPECIAL,""
885,AJUSTE DE SALARIO,""
886,SALARIO ADEUDADO ,""
887,TIEMPO COMPENSATORIO Y PAGO EXCESO,""
888,"TIEMPO REGLAMENTARIO DESCANSO, DIETAS",""
889,RECLASIFICACION Y RETRIBUCION,""
890,COMPENSACION ECONOMICA O DIFERENCIAL,""
891,PAGO OBVENCIONES DE ALIMENTOS,""
892,PUESTO EXCEDENTE - REUBICACION,""
893,SUSPENSION EMPLEO Y SUELDO 15 DIAS,""
894,BAL LIC ENFERMEDAD Y T COMPENSATORIO,""
895,SUSPENSION 35 DIAS,""
896,HOJAS DE ASISTENCIA,""
897,IMPUGNACION CLASIFICACION DE PUESTO,""
898,EFECTIVIDAD DE REINSTALACION,""
899,NOMBRAMIENTO A PUESTO VACANTE,""
900,EVALUACION Y PLAN DE VACACIONES,""
901,TRASLADO O DESIGNACION,""
902,"EVALUACION, PLAN DE VACACIONES",""
903,DISMINUCION DE SUELDO,""
904,"CODIGO DE VESTIMENTA, HOSTIGAMIENTO",""
905,CONFERENCIA DE SUPERVISION,""
906,HOSTIGAMIENTO Y ACOSO,""
907,"SALUD Y SEGURIDAD, HERRAMIENTAS",""
908,HOSTIGAMIENTO Y ACOSO MORAL,""
909,CARTA DE INTENCION DE DESTITUCION,""
910,SUSPENSION POR 30 DIAS,""
911,SUSPENSION POR 15 DIAS,""
912,SUSPENSION 5 DIAS,""
913,CAMBIO DE TAREAS Y SALON,""
914,RELEVO DE TURNOS,""
915,GASTOS DE VESTIMENTA,""
916,TAREAS ADICIONALES - DIFERENCIAL,""
917,DIFERENCIAL POR ALTO RIESGO,""
918,APORTACION PARA PLAN MEDICO,""
919,IGUALAR SALARIO A ESCALA RETRIBUTIVA,""
920,TRASLADO ADMINISTRATIVO,""
921,USO DE VEHICULOS PRIVADOS,""
922,DIFERENCIAL POR TAREAS EXTRAORDINARIAS,""
923,SUSPENSION (22 DIAS),""
924,"ASA, TIEMPO COMPENSATORIO",""
925,SUSPENSION PAGO ELECTRONICO,""
926,SUSPENSION DE EMPLEO (30 DIAS),""
927,SUSPENSION DE EMPLEO (33 DIAS),""
928,SUSPENSION DE EMPLEO (45 DIAS),""
929,PAGO DE MILLAJE,""
930,SOLICITUD DE RETIRO,""
931,UNIFORMES Y LEY 56,""
932,CARTA INTENCION MEDIDA DISCIPLINARIA,""
933,ANULACION DE RECLASIFICACION,""
934,PAGO PERIODO REINSTALACION,""
935,PROGRAMA DE INCENTIVOS LEY 70,""
936,COBRO DE COMPUTADORA,""
937,"EVALUACION, DIFERENCIAL",""
938,SUSPENSION DE 90 DIAS,""
939,SUSPENSION POR 5 DIAS,""
940,SUSPENSION POR 60 DIAS,""
941,ASISTENCIA DE LA DELEGADA,""
942,DIFERENCIA DE SUELDO,""
943,"TRASLADO, ACOMODO RAZONABLE",""
944,PAGO TURNOS ON CALL,""
945,RECONOCIMIENTO DE LA UNION,""
946,PAGOS DIETA Y MILLAJE,""
947,"PAGO DIETA, MILLAJE Y DIFERENCIAL",""
948,MATERIALES Y EQUIPOS OFICINA,""
949,"PAGO UNIFORMES, OBVENSION UNIFORM",""
950,PAGO LEY 89 Y LEY 184,""
951,AMBIENTE HOSTIL,""
952,PUESTO EXCEDENTE-TRASLADO,""
953,DESCUENTO DE DIETA Y MILLAJE,""
954,DESCUENTO DE MILLAJE,""
955,TRATO DESIGUAL-AMONESTACION VERBAL,""
956,DESCUENTO LICENCIA ENFERMEDAD,""
957,REEMBOLSO DESCUENTO DE LICENCIAS,""
958,"SUPERVISION NOCTURNA, SALUD Y SEG",""
959,REMUNERACION LABOR INTERINA,""
960,SUSP EMPLEO Y SUELDO (3 DIAS),""
961,SUSP EMPLEO Y SUELDO (13 DIAS),""
962,CLASIFICACION DE PUESTOS,""
963,DEDUCCION DE BONO DE NAVIDAD 2010,""
964,PAGO DIETA DE ALMUERZO,""
965,"AUDITORIA DE PUESTO, CLASIFICACION",""
966,EXCLUSION UA,""
967,PAGO DESDE REINSTALACION,""
968,SUSP. EMPLEO Y SUELDO (3 DIAS),""
969,SUSP EMPLEO Y SUELDO (5 DIAS),""
970,SUSP. EMPLEO Y SUELDO (30 DIAS),""
971,PAGO PENDIENTE DESDE REINSTALACION,""
972,SUSPENSION DE EMPLEO (40 DIAS),""
973,SUSPENSION DE EMPLEO ( 3 DIAS),""
974,SUSPENSION DE EMPLEO (15 DIAS),""
975,SUSPENSION EMPLEO Y SUELDO (1 AÑO),""
976,PAGO DE BONIFICACIONES,""
977,TURNOS FIJOS,""
978,RELACION CON EL PERSONAL,""
979,"AIRE ACONDICIONADO, INTERNET",""
980,SEPARACION DEL PUESTO Y SUSPENSION,""
981,TAREAS,""
982,SUSP. EMPLEO Y SUELDO (15 DIAS),""
983,NOMBRAMIENTO OFICIAL,""
984,"ACOSO, HOSTIGAMIENTO MORAL",""
985,SUSP DE EMPLEO,""
986,ASIGNACIONES DE SUPERVISION,""
987,PAGO POR AÑOS DE SERVICIO,""
988,DIFERENCIAL DE ALTO RIESGO,""
989,BONO RECURRENTE/NO RECURRENTE,""
990,AGRESION VERBAL,""
991,DIFERENCIAL POR RIESGO,""
992,PAGO DE DIETA Y MILLAJE,""
993,SUSPENSION EMPLEO Y SUELDO 60 DIAS,""
994,SUSPENSION EMPLEO Y SUELDO 5 DIAS,""
995,SUSPENSION EMPLEO Y SUELDO 90 DIAS,""
996,BONIFICACION RECOBRO LEY 56,""
997,PATRON DE HOSTIGAMIENTO,""
998,LICENCIA DIA FERIADO,""
999,DESCUENTO DE 5 DIAS,""
1000,CUOTA DE COLEGIACION,""
1001,"AMBIENTE HOSTIL, TIEMPO COMPENSATORIO",""
1002,"SOLICITUD DE PUESTO, RECLASIFICACION",""
1003,JORNADA REGULAR DE TRABAJO,""
1004,AMONESTACION VERBAL Y ESCRITA,""
1005,PLAN DE PAGO,""
1006,SOL ADELANTO VACACIONES - ASA,""
1007,PAGO DE BONIFICACION,""
1008,RESTITUCION,""
1009,REUBICACION DE PUESTO,""
1010,"SUSPENSION, REPRIMENDA ESCRITA",""
1011,AJUSTE EN SALARIO POR AÑOS DE SERV,""
1012,AJUSTE SALARIO POR AÑOS DE SERV,""
1013,SUSPENSION SIN NOTIFICACION PREVIA,""
1014,"FUNCIONES DEL PUESTO, REMUNERACION",""
1015,DESCUENTO DIA NO AUTORIZADO,""
1016,REPRIMENDA,""
1017, PAGO DE DIETAS,""
1018,SOLICITUD DE PUESTO Y/O RECLASIFICACION,""
1019,REUBICACION DE PERSONAL,""
1020,PAGO OBVENCIONES DE UNIFORME,""
1021,REEMBOLSO,""
1022,"SALUD & SEGURIDAD, RECLASIFICACION",""
1023,BONO POR AÑOS DE SERVICIO,""
1024,DIFERENCIAL POR ALGO RIESGO,""
1025,"RECLASIFICACION, RETRIBUCION",""
1026,DESPOJO DE FUNCIONES SUBCONTRATACION,""
1027,"SUSP EMPLEO Y SUELDO, AMONESTACION",""
1028,ARTICULO FSE - PAGO ADEUDADO,""
1029,PAGO INCENTIVO DE EXCELENCIA,""
1030,DIFERENCIAL O RECLASIFICACION,""
1031,CAMBIO DE FUNCIONES,""
1032,REEMBOLSO ASA,""
1033,AMONESTACION ESCRITA/PAGO POR HURTO,""
1034,SALARIO - CLASIFICACION,""
1035,DESCUENTO LICENCIA VACACIONES,""
1036,BONO DE PRODUCTIVIDAD,""
1037,RECLASIFICACION Y REMUNERACION,""
1038,TERMINOS Y CONDICIONES DE EMPLEO,""
1039,"SUBCONTRATACION, DISCRIMEN",""
1040,REEMBOLSO (2 DIAS),""
1041,PAGO MILLAJE DESCONTADO,""
1042,PAGO DE MILLAJE DESCONTADO,""
1043,"DERECHOS ADQUIRIDOS, SALARIO",""
1044,ESTATUS PERMANENTE,""
1045,PUESTO EXCLUIDO DE LA UNIDAD APROP,""
1046,SOLICITUD DE ASCENSO,""
1047,CAMBIO EN SALARIO,""
1048,AUTORIZACION DE AUSENCIAS,""
1049,RELACION DE PERSONAL,""
1050,CONDICIONES DE TRABAJO,""
1051,STATUS PROBATORIO,""
1052,LICENCIA PARA FINES JUDICIALES,""
1053,VACACIONES ACUMULADAS,""
1054,IMPUGNACION DE PUESTOS,""
1055,REUBICACION PARA HACER INVENTARIO,""
1056,ACOSO Y HOSTIGAMIENTO,""
1057,"FUNCIONES, RECLASIFICACION",""
1058,TURNOS DE 12 HORAS,""
1059,FALTA DE SEGURIDAD,""
1060,"CHALECO ANTI BALAS, VACUNA",""
1061,"CHALECO ANTIBALAS, VACUNA",""
1062,BONIFICACION POR RECOBRO,""
1063,BONIFICACION Y RECOBRO,""
1064,"NOMBRAMIENTOS, IMPUGNACION PUESTOS",""
1065,"NOMBRAMIENTO, IMPUGNACION DE PUESTOS",""
1066,"NOMBRAMIENTO,IMPUGNACION DE PUESTO",""
1067,SUELDO,""
1068,"DESCUENTO, LEY HIPA",""
1069,PAGO RETROACTIVO POR SERVICIO,""
1070,DIFERENCIAL POR TURNOS ROTATIVOS,""
1071,PAGO RETROACTIVO AÑOS SERVICIO,""
1072,NECESIDAD DE EQUIPO,""
1073,PAGO OBVENCION DE ALIMENTOS,""
1074,"PAGO AÑOS SERVICIO, DESCUENTO UNION",""
1075,CESANTIA POR INCAPACIDAD,""
1076,PUESTOS PERMANENTES,""
1077,PAGO CORRECTO BONO NAVIDAD,""
1078,ACUMULACION LICENCIA POR ENFERMEDAD,""
1079,INTENCION DE SUSPENSION DE EMPLEO,""
1080,AUSENTISMO,""
1081,CARTA INTENCION DE SUSPENSION,""
1082,COMPENSACION ECONOMICA,""
1083,JORNADA REGULAR,""
1084,"TAREAS ADICIONALES, DIFERENCIAL",""
1085,"EVALUACIONES, CARRERA MAGISTERIAL",""
1086,EVALUACION PARA PUESTO,""
1087,PAGO DE SALARIOS Y LICENCIAS,""
1088, RECLASIFICACION Y RETRIBUCION,""
1089,REEMBOLSO APORTACION PLAN MEDICO,""
1090,PATRON DE ACOSO,""
1091,SOLICITUD DE REUBICACION,""
1092,REPRESALIAS,""
1093,PAGO POR INTERINATO,""
1094,"DESC. LICENCIA, RELACIONES DE PERSONAL",""
1095,"PAGO DIA LIBRE, AJUSTE ESCALA SALARIAL",""
1096,"PAGO DIA LIBRE, AJUSTE SALARIAL",""
1097,SOLICITUD DE EXAMEN,""
1098,HABERES,""
1099,HOSTIGAMIENTO SEXUAL,""
1100,DESCUENTO DE LICENCIA VACACIONES,""
1101,PAGO ADEUDADO DIFERENCIAL,""
1102,PAGO DE UNIFORME,""
1103,"ASA, DESCUENTO DE SALARIO",""
1104,SOLICITUD DE PUESTO O RECLASIFICACION,""
1105,HORARIO DE ENTRADA,""
1106,"PAGO DE UNIFORMES, ED. CONTINUA",""
1107,DIETAS Y MILLAJES,""
1108,"DESTAQUE, FUNCIONES ADMINISTRATIVAS",""
1109,PAGO DE COLEGIACION,""
1110,"PAGOS LABOR INTERINA, DIETA, MILLAJE",""
1111,SEGURO CHOFERIL,""
1112,LIC VACACIONES/PAGO EXCESO VACACIONES,""
1113,DESCUENTO INDEBIDO/LIC ENFERMEDAD,""
1114,CAMBIO HORARIO DE TRABAJO,""
1115,"ASA, HOJA DE ASISTENCIA",""
1116,PAGO DIAS ENFERMEDAD/VACACIONES,""
1117,NUEVA PLAZA/SOL DE CONVOCATORIA,""
1118,"DESCUENTOS SALARIOS, BAL LICENCIAS",""
1119,COMUNICACION ESCRITA Y VERBAL,""
1120,PROGRAMAS DE TRABAJO,""
1121,"AMONESTACION ESCRITA, GRABACIONES",""
1122,GRABACION DE REUNIONES,""
1123,"ASA, LICENCIA FUNERAL",""
1124,ASIGNACION DE VISTAS,""
1125,REORGANIZACION DE FUNCIONES,""
1126,MALTRATO LABORAL,""
1127,"DERECHO ""WEINGARTEN""",""
1128,"DIETA, MILLAJE, TIEMPO COMPENSATORIO",""
1129,CORRECCION BALANCES LICENCIAS,""
1130,SOLICITUD DE CONVOCATORIA,""
1131,SOLICITUD DE PERMANENCIA,""
1132,DESIGNACION DE PUESTO,""
1133,RENUNCIA,""
1134,PAGO EXCESO TIEMPO COMPENSATORIO,""
1135,REEMBOLSO GASTOS MEDICOS,""
1136,"ACOSO LABORAL, TRATO SELECTIVO",""
1137,STATUS DE UNIONADO,""
1138,"VIOLACION DE CONVENIO, ART. 53",""
1139," ASA, SUSPENSION",""
1140,INTENCION AMONESTACION ESCRITA,""
1141,INCENTIVO RETROACTIVO,""
1142,RECONOCIMIENTO AÑOS DE SERVICIO,""
1143,"DIA DE CUMPLEAÑOS, ASA",""
1144,"AGUA POTABLE, TABLON DE EDICTOS",""
1145,BALANCE DE LICENCIA ACUMULADA,""
1146,ACCESO A EXPEDIENTE DE PERSONAL,""
1147,Ley 70,""
1148,AUMENTO SALARIAL POR INTERINATO,""
1149,PAGO DE CUOTA A UNION,""
1150,"HORARIO REGULAR, DIFERENCIAL",""
1151,BALANCE PAGO UNIFORMES,""
1152,RECLASIFICACION Y AJUSTE SALARIAL,""
1153,PAGO NO DEVENGADO,""
1154,"RETRIBUCION, SOLICITUD DE PUESTO",""
1155,"TRASLADO, DESPOJO DE FUNCIONES",""
1156,"AJUSTE SALARIO MINIMO, BALANCE PEND.",""
1157,PAGO RETROACTIVO,""
1158,SUPERVISION EXCESIVA,""
1159,DESCUENTO EN MILLAJE,""
1160,PRUEBA DE DOPAJE,""
1161,"HOSTIGAMIENTO, DISCRIMEN, EVALUACIONES",""
1162,DESCUENTO EN DIETA Y MILLAJE,""
1163,"ASCENSO, SOLICITUD DE PUESTO",""
1164,"TIEMPO COMPENSATORIO, DIETA, MILLAJE",""
1165,BONIFICACION ESPECIAL,""
1166,EQUIPO NECESARIO (FOTOCOPIADORA),""
1167,"PAGO DAÑOS AUTO, SEGURO DE AUTO",""
1168,COMEDOR Y FUENTE DE AGUA,""
1169,AMONESTACIÓN,""
1170,PAGO POR LABOR INTERINA,""
1171,LIMITACION DE FUNCIONES,""
1172,EVALUACIONES,""
1173,SOLICITUD DE TRASLADO,""
1174,"TALLERES, CARRERA MAGISTERIAL",""
1175,VIOLACION DE CONVENIO Y ACUERDO,""
1176,REINSTALACION CESANTEADOS LEY 7,""
1177,"RECLASIFICACION, DIFERENCIAL,HRS. EXTRA",""
1178,DESTITUCION - LEY 70,""
1179,PAGO POR REINSTALACION,""
1180,INFORME DE BALANCE DE LICENCIAS,""
1181,DESCUENTO ILEGAL,""
1182,AJUSTE SALARIL,""
1183,"TIEMPO EXTRA, DIETA Y MILLAJE",""
1184,SUSPENSION DE 157 DIAS,""
1185,SUSPENSION (60 DIAS),""
1186,SUSPENSION (15 DIAS),""
1187,SUSPENSION (30 DIAS),""
1188,CENTRO DE TRABAJO,""
1189,ASCENSO O AUMENTO SALARIAL,""
1190,JOSE A. CRUZ PUJOLS,""
1191,RELEVO DE FUNCIONES,""
1192,REMUNERACION RETROACTIVA,""
1193,RECLASIFICACION POR EVOLUCION DE PUESTO,""
1194,"DESCENSO, TRASLADO, DIFERENCIAL",""
1195,"DIFERENCIAL, TRASLADO, PLAN RECLASIFICACION",""
1196,PLAN DE CLASIFICACION Y RETRIBUCION,""
1197,SOLICITUD DE PUESTO REGULAR,""
1198,JORNADA COMPLETA,""
1199,COBRO DE ADIESTRAMIENTO,""
1200,"DIFERENCIAL, TRASLADO",""
1201,"IMPUGNACION DE NOMBRAMIENTO, RECLASIFICACION",""
1202,IMPUGNACION DE NOMBRAMIENTO Y RECLASIFICACION,""
1203,GUARDIAS ESPECIALES,""
1204,COMENTARIOS DEL SUPERVISOR,""
1205,RESTITUCION DE 3% DE SUELDO,""
1206,AJUSTE SALARIAL POR AÑOS DE SERVICIO,""
1207,REVISION PUNTUACION EXAMEN Y RECONSIDERACION,""
1208,"DIFERENCIAL, RECON. POR AÑOS DE SERVICIO",""
1209,ACCIONES DISCIPLINARIAS,""
1210,"DIFERENCIAL, HORAS EXTRAS",""
1211,RECESO ADMINISTRATIVO,""
1212,RECLASIFICACION Y/O DIFERENCIAL,""
1213,"TARDANZA, TURNOS",""
1214,BALANCES DE VACACIONES,""
1215,"ANULACION DE NOMBRAMIENTO, DESCENSO",""
1216,AJUSTE SALARIAL POR AÑOS SERVICIO,""
1217,PAGO EXCESO JORNADA REGULAR,""
1218,DIFERENCIAL DE TURNO,""
1219,RESTITUCION DE FUNCIONES,""
1220,PAGO EDUCACION CONTINUA 2012,""
1221,PAGO COLEGIACION 2013,""
1222,DEVOLUCION APORTACION PLAN MEDICO,""
1223,PAGO DE DIAS FERIADOS TRABAJADOS,""
1224,PAGO DIA FERIADO TRABAJADO,""
1225,DIRECTRICES,""
1226,BONO,""
1227,"TRASLADO, DIFERENCIAL, REEMBOLSO",""
1228,COBRO DE EQUIPO,""
1229,DEBERES Y FUNCIONES,""
1,Traslado,Traslado it is.
2,Despido,Cuando botan la gente
